Time [us],Protocol,Packet Length (Layer 3) [Byte]
4679,IEC 60870-5 ASDU,292
4680,IEC 60870-5 ASDU,252
46358,TCP,46
114539,IEC 60870-5 ASDU,292
114539,IEC 60870-5 ASDU,252
204722,IEC 60870-5 ASDU,292
204723,IEC 60870-5 ASDU,252
304393,IEC 60870-5 ASDU,292
304394,IEC 60870-5 ASDU,252
413853,IEC 60870-5 ASDU,292
413854,IEC 60870-5 ASDU,252
446695,TCP,46
504716,IEC 60870-5 ASDU,292
504717,IEC 60870-5 ASDU,252
604489,IEC 60870-5 ASDU,292
604489,IEC 60870-5 ASDU,252
704589,IEC 60870-5 ASDU,292
704590,IEC 60870-5 ASDU,252
804164,IEC 60870-5 ASDU,292
804164,IEC 60870-5 ASDU,252
864727,TCP,46
904692,IEC 60870-5 ASDU,292
904693,IEC 60870-5 ASDU,252
1004404,IEC 60870-5 ASDU,292
1004405,IEC 60870-5 ASDU,252
1104793,IEC 60870-5 ASDU,292
1104794,IEC 60870-5 ASDU,252
1204786,IEC 60870-5 ASDU,292
1204787,IEC 60870-5 ASDU,252
1304474,IEC 60870-5 ASDU,292
1304475,IEC 60870-5 ASDU,252
1404520,IEC 60870-5 ASDU,292
1404522,IEC 60870-5 ASDU,252
1504773,IEC 60870-5 ASDU,292
1504774,IEC 60870-5 ASDU,252
1604456,IEC 60870-5 ASDU,292
1604456,IEC 60870-5 ASDU,252
1686268,TCP,46
1694799,IEC 60870-5 ASDU,292
1694801,IEC 60870-5 ASDU,252
1804538,IEC 60870-5 ASDU,292
1804539,IEC 60870-5 ASDU,252
1904744,IEC 60870-5 ASDU,292
1904745,IEC 60870-5 ASDU,252
2004754,IEC 60870-5 ASDU,292
2004754,IEC 60870-5 ASDU,252
2046779,TCP,46
2104591,IEC 60870-5 ASDU,292
2104592,IEC 60870-5 ASDU,252
2204661,IEC 60870-5 ASDU,292
2204663,IEC 60870-5 ASDU,252
2304396,IEC 60870-5 ASDU,292
2304396,IEC 60870-5 ASDU,252
2404416,IEC 60870-5 ASDU,292
2404417,IEC 60870-5 ASDU,252
2466173,TCP,46
2504020,IEC 60870-5 ASDU,292
2504021,IEC 60870-5 ASDU,252
2604729,IEC 60870-5 ASDU,292
2604729,IEC 60870-5 ASDU,252
2704385,IEC 60870-5 ASDU,292
2704386,IEC 60870-5 ASDU,252
2804484,IEC 60870-5 ASDU,292
2804485,IEC 60870-5 ASDU,252
2896411,TCP,46
2904647,IEC 60870-5 ASDU,292
2904647,IEC 60870-5 ASDU,252
3014575,IEC 60870-5 ASDU,292
3014575,IEC 60870-5 ASDU,252
3104668,IEC 60870-5 ASDU,292
3104670,IEC 60870-5 ASDU,252
3204487,IEC 60870-5 ASDU,292
3204488,IEC 60870-5 ASDU,252
3252336,TCP,46
3304370,IEC 60870-5 ASDU,292
3304370,IEC 60870-5 ASDU,252
3414665,IEC 60870-5 ASDU,292
3414666,IEC 60870-5 ASDU,252
3504341,IEC 60870-5 ASDU,292
3504343,IEC 60870-5 ASDU,252
3604507,IEC 60870-5 ASDU,292
3604507,IEC 60870-5 ASDU,252
3696624,TCP,46
3704408,IEC 60870-5 ASDU,292
3704409,IEC 60870-5 ASDU,252
3804199,IEC 60870-5 ASDU,292
3804201,IEC 60870-5 ASDU,252
3904205,IEC 60870-5 ASDU,292
3904205,IEC 60870-5 ASDU,252
4004289,IEC 60870-5 ASDU,292
4004290,IEC 60870-5 ASDU,252
4046274,TCP,46
4104380,IEC 60870-5 ASDU,292
4104381,IEC 60870-5 ASDU,252
4204001,IEC 60870-5 ASDU,292
4204002,IEC 60870-5 ASDU,252
4314349,IEC 60870-5 ASDU,292
4314350,IEC 60870-5 ASDU,252
4404301,IEC 60870-5 ASDU,292
4404302,IEC 60870-5 ASDU,252
4446068,TCP,46
4504288,IEC 60870-5 ASDU,292
4504289,IEC 60870-5 ASDU,252
4603925,IEC 60870-5 ASDU,292
4603925,IEC 60870-5 ASDU,252
4714455,IEC 60870-5 ASDU,292
4714455,IEC 60870-5 ASDU,252
4804042,IEC 60870-5 ASDU,292
4804043,IEC 60870-5 ASDU,252
4856242,TCP,46
4904311,IEC 60870-5 ASDU,292
4904312,IEC 60870-5 ASDU,252
4994441,IEC 60870-5 ASDU,292
4994443,IEC 60870-5 ASDU,252
5104264,IEC 60870-5 ASDU,292
5104265,IEC 60870-5 ASDU,252
5204122,IEC 60870-5 ASDU,292
5204123,IEC 60870-5 ASDU,252
5296185,TCP,46
5304240,IEC 60870-5 ASDU,292
5304242,IEC 60870-5 ASDU,252
5403740,IEC 60870-5 ASDU,292
5403741,IEC 60870-5 ASDU,252
5504039,IEC 60870-5 ASDU,292
5504040,IEC 60870-5 ASDU,252
5604199,IEC 60870-5 ASDU,292
5604200,IEC 60870-5 ASDU,252
5636384,TCP,46
5704168,IEC 60870-5 ASDU,292
5704169,IEC 60870-5 ASDU,252
5803665,IEC 60870-5 ASDU,292
5803665,IEC 60870-5 ASDU,252
5904241,IEC 60870-5 ASDU,292
5904242,IEC 60870-5 ASDU,252
6004202,IEC 60870-5 ASDU,292
6004204,IEC 60870-5 ASDU,252
6046107,TCP,46
6104054,IEC 60870-5 ASDU,292
6104055,IEC 60870-5 ASDU,252
6204090,IEC 60870-5 ASDU,292
6204091,IEC 60870-5 ASDU,252
6303948,IEC 60870-5 ASDU,292
6303948,IEC 60870-5 ASDU,252
6403732,IEC 60870-5 ASDU,292
6403733,IEC 60870-5 ASDU,252
6425785,TCP,46
6504184,IEC 60870-5 ASDU,292
6504185,IEC 60870-5 ASDU,252
6604058,IEC 60870-5 ASDU,292
6604059,IEC 60870-5 ASDU,252
6704179,IEC 60870-5 ASDU,292
6704180,IEC 60870-5 ASDU,252
6803471,IEC 60870-5 ASDU,292
6803472,IEC 60870-5 ASDU,252
6856007,TCP,46
6904043,IEC 60870-5 ASDU,292
6904043,IEC 60870-5 ASDU,252
6993971,IEC 60870-5 ASDU,292
6993971,IEC 60870-5 ASDU,252
7104024,IEC 60870-5 ASDU,292
7104025,IEC 60870-5 ASDU,252
7203576,IEC 60870-5 ASDU,292
7203576,IEC 60870-5 ASDU,252
7296165,TCP,46
7304032,IEC 60870-5 ASDU,292
7304033,IEC 60870-5 ASDU,252
7404051,IEC 60870-5 ASDU,292
7404052,IEC 60870-5 ASDU,252
7504014,IEC 60870-5 ASDU,292
7504015,IEC 60870-5 ASDU,252
7604274,IEC 60870-5 ASDU,292
7604275,IEC 60870-5 ASDU,252
7655807,TCP,46
7703957,IEC 60870-5 ASDU,292
7703959,IEC 60870-5 ASDU,252
7804151,IEC 60870-5 ASDU,292
7804152,IEC 60870-5 ASDU,252
7903983,IEC 60870-5 ASDU,292
7903984,IEC 60870-5 ASDU,252
8003922,IEC 60870-5 ASDU,292
8003923,IEC 60870-5 ASDU,252
8103765,IEC 60870-5 ASDU,292
8103765,IEC 60870-5 ASDU,252
8204012,IEC 60870-5 ASDU,292
8204013,IEC 60870-5 ASDU,252
8303748,IEC 60870-5 ASDU,292
8303749,IEC 60870-5 ASDU,252
8403992,IEC 60870-5 ASDU,292
8403994,IEC 60870-5 ASDU,252
8504100,IEC 60870-5 ASDU,292
8504100,IEC 60870-5 ASDU,252
8603546,IEC 60870-5 ASDU,292
8603562,IEC 60870-5 ASDU,252
8703630,IEC 60870-5 ASDU,292
8703630,IEC 60870-5 ASDU,252
8814050,IEC 60870-5 ASDU,292
8814051,IEC 60870-5 ASDU,252
8903960,IEC 60870-5 ASDU,292
8903960,IEC 60870-5 ASDU,252
9004076,IEC 60870-5 ASDU,292
9004077,IEC 60870-5 ASDU,252
9103268,IEC 60870-5 ASDU,292
9103269,IEC 60870-5 ASDU,252
9203920,IEC 60870-5 ASDU,292
9203921,IEC 60870-5 ASDU,252
9303536,IEC 60870-5 ASDU,292
9303537,IEC 60870-5 ASDU,252
9403784,IEC 60870-5 ASDU,292
9403784,IEC 60870-5 ASDU,252
9504060,IEC 60870-5 ASDU,292
9504060,IEC 60870-5 ASDU,252
9603937,IEC 60870-5 ASDU,292
9603938,IEC 60870-5 ASDU,252
9695783,TCP,46
9703785,IEC 60870-5 ASDU,292
9703786,IEC 60870-5 ASDU,252
9803874,IEC 60870-5 ASDU,292
9803874,IEC 60870-5 ASDU,252
9903867,IEC 60870-5 ASDU,292
9903868,IEC 60870-5 ASDU,252
10003750,IEC 60870-5 ASDU,292
10003751,IEC 60870-5 ASDU,252
10045368,TCP,46
10103692,IEC 60870-5 ASDU,292
10103693,IEC 60870-5 ASDU,252
10203853,IEC 60870-5 ASDU,292
10203855,IEC 60870-5 ASDU,252
10303308,IEC 60870-5 ASDU,292
10303310,IEC 60870-5 ASDU,252
10413514,IEC 60870-5 ASDU,292
10413514,IEC 60870-5 ASDU,252
10445370,TCP,46
10503752,IEC 60870-5 ASDU,292
10503754,IEC 60870-5 ASDU,252
10603910,IEC 60870-5 ASDU,292
10603911,IEC 60870-5 ASDU,252
10703732,IEC 60870-5 ASDU,292
10703732,IEC 60870-5 ASDU,252
10803600,IEC 60870-5 ASDU,292
10803601,IEC 60870-5 ASDU,252
10845222,TCP,46
10903613,IEC 60870-5 ASDU,292
10903614,IEC 60870-5 ASDU,252
11003771,IEC 60870-5 ASDU,292
11003773,IEC 60870-5 ASDU,252
11103803,IEC 60870-5 ASDU,292
11103804,IEC 60870-5 ASDU,252
11203779,IEC 60870-5 ASDU,292
11203780,IEC 60870-5 ASDU,252
11245323,TCP,46
11303527,IEC 60870-5 ASDU,292
11303529,IEC 60870-5 ASDU,252
11403765,IEC 60870-5 ASDU,292
11403766,IEC 60870-5 ASDU,252
11503668,IEC 60870-5 ASDU,292
11503669,IEC 60870-5 ASDU,252
11603623,IEC 60870-5 ASDU,292
11603624,IEC 60870-5 ASDU,252
11645396,TCP,46
11703477,IEC 60870-5 ASDU,292
11703478,IEC 60870-5 ASDU,252
11803634,IEC 60870-5 ASDU,292
11803635,IEC 60870-5 ASDU,252
11903673,IEC 60870-5 ASDU,292
11903674,IEC 60870-5 ASDU,252
12003244,IEC 60870-5 ASDU,292
12003246,IEC 60870-5 ASDU,252
12045263,TCP,46
12103327,IEC 60870-5 ASDU,292
12103327,IEC 60870-5 ASDU,252
12203652,IEC 60870-5 ASDU,292
12203652,IEC 60870-5 ASDU,252
12303530,IEC 60870-5 ASDU,292
12303531,IEC 60870-5 ASDU,252
12403680,IEC 60870-5 ASDU,292
12403680,IEC 60870-5 ASDU,252
12445231,TCP,46
12503283,IEC 60870-5 ASDU,292
12503283,IEC 60870-5 ASDU,252
12603697,IEC 60870-5 ASDU,292
12603698,IEC 60870-5 ASDU,252
12703030,IEC 60870-5 ASDU,292
12703031,IEC 60870-5 ASDU,252
12803545,IEC 60870-5 ASDU,292
12803547,IEC 60870-5 ASDU,252
12845522,TCP,46
12902888,IEC 60870-5 ASDU,292
12902888,IEC 60870-5 ASDU,252
13003446,IEC 60870-5 ASDU,292
13003447,IEC 60870-5 ASDU,252
13103099,IEC 60870-5 ASDU,292
13103099,IEC 60870-5 ASDU,252
13203378,IEC 60870-5 ASDU,292
13203380,IEC 60870-5 ASDU,252
13245268,TCP,46
13303393,IEC 60870-5 ASDU,292
13303394,IEC 60870-5 ASDU,252
13403693,IEC 60870-5 ASDU,292
13403694,IEC 60870-5 ASDU,252
13503528,IEC 60870-5 ASDU,292
13503530,IEC 60870-5 ASDU,252
13613677,IEC 60870-5 ASDU,292
13613677,IEC 60870-5 ASDU,252
13645354,TCP,46
13703465,IEC 60870-5 ASDU,292
13703465,IEC 60870-5 ASDU,252
13802969,IEC 60870-5 ASDU,292
13802969,IEC 60870-5 ASDU,252
13902957,IEC 60870-5 ASDU,292
13902958,IEC 60870-5 ASDU,252
14013635,IEC 60870-5 ASDU,292
14013636,IEC 60870-5 ASDU,252
14045322,TCP,46
14103368,IEC 60870-5 ASDU,292
14103369,IEC 60870-5 ASDU,252
14202964,IEC 60870-5 ASDU,292
14202964,IEC 60870-5 ASDU,252
14303121,IEC 60870-5 ASDU,292
14303122,IEC 60870-5 ASDU,252
14403400,IEC 60870-5 ASDU,292
14403400,IEC 60870-5 ASDU,252
14445172,TCP,46
14502902,IEC 60870-5 ASDU,292
14502903,IEC 60870-5 ASDU,252
14603338,IEC 60870-5 ASDU,292
14603340,IEC 60870-5 ASDU,252
14702709,IEC 60870-5 ASDU,292
14702709,IEC 60870-5 ASDU,252
14803506,IEC 60870-5 ASDU,292
14803506,IEC 60870-5 ASDU,252
14845209,TCP,46
14913700,IEC 60870-5 ASDU,292
14913701,IEC 60870-5 ASDU,252
15003483,IEC 60870-5 ASDU,292
15003484,IEC 60870-5 ASDU,252
15103433,IEC 60870-5 ASDU,292
15103435,IEC 60870-5 ASDU,252
15203234,IEC 60870-5 ASDU,292
15203234,IEC 60870-5 ASDU,252
15245195,TCP,46
15303272,IEC 60870-5 ASDU,292
15303273,IEC 60870-5 ASDU,252
15403223,IEC 60870-5 ASDU,292
15403224,IEC 60870-5 ASDU,252
15503289,IEC 60870-5 ASDU,292
15503290,IEC 60870-5 ASDU,252
15603293,IEC 60870-5 ASDU,292
15603295,IEC 60870-5 ASDU,252
15654757,TCP,46
15703264,IEC 60870-5 ASDU,292
15703265,IEC 60870-5 ASDU,252
15803835,IEC 60870-5 ASDU,292
15803835,IEC 60870-5 ASDU,252
15902908,IEC 60870-5 ASDU,292
15902909,IEC 60870-5 ASDU,252
16003275,IEC 60870-5 ASDU,292
16003275,IEC 60870-5 ASDU,252
16044943,TCP,46
16103240,IEC 60870-5 ASDU,292
16103240,IEC 60870-5 ASDU,252
16203278,IEC 60870-5 ASDU,292
16203279,IEC 60870-5 ASDU,252
16303263,IEC 60870-5 ASDU,292
16303264,IEC 60870-5 ASDU,252
16402745,IEC 60870-5 ASDU,292
16402746,IEC 60870-5 ASDU,252
16444755,TCP,46
16503136,IEC 60870-5 ASDU,292
16503136,IEC 60870-5 ASDU,252
16603104,IEC 60870-5 ASDU,292
16603105,IEC 60870-5 ASDU,252
16703002,IEC 60870-5 ASDU,292
16703003,IEC 60870-5 ASDU,252
16803224,IEC 60870-5 ASDU,292
16803226,IEC 60870-5 ASDU,252
16845159,TCP,46
16903117,IEC 60870-5 ASDU,292
16903118,IEC 60870-5 ASDU,252
17002977,IEC 60870-5 ASDU,292
17002978,IEC 60870-5 ASDU,252
17103140,IEC 60870-5 ASDU,292
17103141,IEC 60870-5 ASDU,252
17202615,IEC 60870-5 ASDU,292
17202615,IEC 60870-5 ASDU,252
17244658,TCP,46
17303175,IEC 60870-5 ASDU,292
17303175,IEC 60870-5 ASDU,252
17402574,IEC 60870-5 ASDU,292
17402574,IEC 60870-5 ASDU,252
17503081,IEC 60870-5 ASDU,292
17503083,IEC 60870-5 ASDU,252
17603096,IEC 60870-5 ASDU,292
17603096,IEC 60870-5 ASDU,252
17645254,TCP,46
17712751,IEC 60870-5 ASDU,292
17712752,IEC 60870-5 ASDU,252
17802894,IEC 60870-5 ASDU,292
17802895,IEC 60870-5 ASDU,252
17902938,IEC 60870-5 ASDU,292
17902939,IEC 60870-5 ASDU,252
18003024,IEC 60870-5 ASDU,292
18003025,IEC 60870-5 ASDU,252
18044806,TCP,46
18102341,IEC 60870-5 ASDU,292
18102341,IEC 60870-5 ASDU,252
18202845,IEC 60870-5 ASDU,292
18202846,IEC 60870-5 ASDU,252
18302938,IEC 60870-5 ASDU,292
18302938,IEC 60870-5 ASDU,252
18324498,TCP,46
18334942,IEC 60870-5-104,46
18392782,IEC 60870-5 ASDU,292
18392783,IEC 60870-5 ASDU,252
18464958,TCP,46
18513179,IEC 60870-5 ASDU,292
18513180,IEC 60870-5 ASDU,252
18602371,IEC 60870-5 ASDU,292
18602372,IEC 60870-5 ASDU,252
18703054,IEC 60870-5 ASDU,292
18703055,IEC 60870-5 ASDU,252
18803377,IEC 60870-5 ASDU,292
18803377,IEC 60870-5 ASDU,252
18844832,TCP,46
18902930,IEC 60870-5 ASDU,292
18902931,IEC 60870-5 ASDU,252
19002920,IEC 60870-5 ASDU,292
19002921,IEC 60870-5 ASDU,252
19102635,IEC 60870-5 ASDU,292
19102635,IEC 60870-5 ASDU,252
19203106,IEC 60870-5 ASDU,292
19203107,IEC 60870-5 ASDU,252
19294814,TCP,46
19303006,IEC 60870-5 ASDU,292
19303007,IEC 60870-5 ASDU,252
19412683,IEC 60870-5 ASDU,292
19412683,IEC 60870-5 ASDU,252
19502726,IEC 60870-5 ASDU,292
19502727,IEC 60870-5 ASDU,252
19602733,IEC 60870-5 ASDU,292
19602733,IEC 60870-5 ASDU,252
19645059,TCP,46
19702916,IEC 60870-5 ASDU,292
19702917,IEC 60870-5 ASDU,252
19813157,IEC 60870-5 ASDU,292
19813158,IEC 60870-5 ASDU,252
19902697,IEC 60870-5 ASDU,292
19902698,IEC 60870-5 ASDU,252
20002350,IEC 60870-5 ASDU,292
20002350,IEC 60870-5 ASDU,252
20054583,TCP,46
20102894,IEC 60870-5 ASDU,292
20102895,IEC 60870-5 ASDU,252
20212600,IEC 60870-5 ASDU,292
20212600,IEC 60870-5 ASDU,252
20302525,IEC 60870-5 ASDU,292
20302526,IEC 60870-5 ASDU,252
20402277,IEC 60870-5 ASDU,292
20402277,IEC 60870-5 ASDU,252
20502942,IEC 60870-5 ASDU,292
20502944,IEC 60870-5 ASDU,252
20613050,IEC 60870-5 ASDU,292
20613051,IEC 60870-5 ASDU,252
20702834,IEC 60870-5 ASDU,292
20702835,IEC 60870-5 ASDU,252
20802499,IEC 60870-5 ASDU,292
20802500,IEC 60870-5 ASDU,252
20884627,TCP,46
20892971,IEC 60870-5 ASDU,292
20892972,IEC 60870-5 ASDU,252
21012359,IEC 60870-5 ASDU,292
21012360,IEC 60870-5 ASDU,252
21102858,IEC 60870-5 ASDU,292
21102858,IEC 60870-5 ASDU,252
21202250,IEC 60870-5 ASDU,292
21202251,IEC 60870-5 ASDU,252
21244652,TCP,46
21302859,IEC 60870-5 ASDU,292
21302860,IEC 60870-5 ASDU,252
21412463,IEC 60870-5 ASDU,292
21412477,IEC 60870-5 ASDU,252
21502674,IEC 60870-5 ASDU,292
21502674,IEC 60870-5 ASDU,252
21602129,IEC 60870-5 ASDU,292
21602129,IEC 60870-5 ASDU,252
21644602,TCP,46
21702652,IEC 60870-5 ASDU,292
21702654,IEC 60870-5 ASDU,252
21813017,IEC 60870-5 ASDU,292
21813018,IEC 60870-5 ASDU,252
21902492,IEC 60870-5 ASDU,292
21902492,IEC 60870-5 ASDU,252
22002207,IEC 60870-5 ASDU,292
22002208,IEC 60870-5 ASDU,252
22044234,TCP,46
22102179,IEC 60870-5 ASDU,292
22102179,IEC 60870-5 ASDU,252
22202623,IEC 60870-5 ASDU,292
22202623,IEC 60870-5 ASDU,252
22302509,IEC 60870-5 ASDU,292
22302509,IEC 60870-5 ASDU,252
22402461,IEC 60870-5 ASDU,292
22402462,IEC 60870-5 ASDU,252
22444504,TCP,46
22502460,IEC 60870-5 ASDU,292
22502461,IEC 60870-5 ASDU,252
22602486,IEC 60870-5 ASDU,292
22602487,IEC 60870-5 ASDU,252
22702583,IEC 60870-5 ASDU,292
22702584,IEC 60870-5 ASDU,252
22802271,IEC 60870-5 ASDU,292
22802273,IEC 60870-5 ASDU,252
22844410,TCP,46
22902486,IEC 60870-5 ASDU,292
22902486,IEC 60870-5 ASDU,252
23002471,IEC 60870-5 ASDU,292
23002471,IEC 60870-5 ASDU,252
23102415,IEC 60870-5 ASDU,292
23102417,IEC 60870-5 ASDU,252
23202553,IEC 60870-5 ASDU,292
23202554,IEC 60870-5 ASDU,252
23244491,TCP,46
23302617,IEC 60870-5 ASDU,292
23302618,IEC 60870-5 ASDU,252
23402431,IEC 60870-5 ASDU,292
23402434,IEC 60870-5 ASDU,252
23502588,IEC 60870-5 ASDU,292
23502589,IEC 60870-5 ASDU,252
23602618,IEC 60870-5 ASDU,292
23602619,IEC 60870-5 ASDU,252
23644095,TCP,46
23702556,IEC 60870-5 ASDU,292
23702556,IEC 60870-5 ASDU,252
23802376,IEC 60870-5 ASDU,292
23802377,IEC 60870-5 ASDU,252
23902387,IEC 60870-5 ASDU,292
23902388,IEC 60870-5 ASDU,252
24002103,IEC 60870-5 ASDU,292
24002103,IEC 60870-5 ASDU,252
24044600,TCP,46
24102569,IEC 60870-5 ASDU,292
24102569,IEC 60870-5 ASDU,252
24202256,IEC 60870-5 ASDU,292
24202258,IEC 60870-5 ASDU,252
24302459,IEC 60870-5 ASDU,292
24302460,IEC 60870-5 ASDU,252
24402561,IEC 60870-5 ASDU,292
24402562,IEC 60870-5 ASDU,252
24443912,TCP,46
24502496,IEC 60870-5 ASDU,292
24502497,IEC 60870-5 ASDU,252
24602497,IEC 60870-5 ASDU,292
24602498,IEC 60870-5 ASDU,252
24702259,IEC 60870-5 ASDU,292
24702260,IEC 60870-5 ASDU,252
24802019,IEC 60870-5 ASDU,292
24802019,IEC 60870-5 ASDU,252
24844576,TCP,46
24912635,IEC 60870-5 ASDU,292
24912636,IEC 60870-5 ASDU,252
25002248,IEC 60870-5 ASDU,292
25002248,IEC 60870-5 ASDU,252
25102215,IEC 60870-5 ASDU,292
25102216,IEC 60870-5 ASDU,252
25202135,IEC 60870-5 ASDU,292
25202136,IEC 60870-5 ASDU,252
25244277,TCP,46
25312261,IEC 60870-5 ASDU,292
25312263,IEC 60870-5 ASDU,252
25402335,IEC 60870-5 ASDU,292
25402336,IEC 60870-5 ASDU,252
25502247,IEC 60870-5 ASDU,292
25502248,IEC 60870-5 ASDU,252
25601947,IEC 60870-5 ASDU,292
25601948,IEC 60870-5 ASDU,252
25644483,TCP,46
25701737,IEC 60870-5 ASDU,292
25701738,IEC 60870-5 ASDU,252
25802215,IEC 60870-5 ASDU,292
25802215,IEC 60870-5 ASDU,252
25902089,IEC 60870-5 ASDU,292
25902109,IEC 60870-5 ASDU,252
26002208,IEC 60870-5 ASDU,292
26002209,IEC 60870-5 ASDU,252
26044207,TCP,46
26102158,IEC 60870-5 ASDU,292
26102158,IEC 60870-5 ASDU,252
26201954,IEC 60870-5 ASDU,292
26201955,IEC 60870-5 ASDU,252
26302150,IEC 60870-5 ASDU,292
26302151,IEC 60870-5 ASDU,252
26402053,IEC 60870-5 ASDU,292
26402055,IEC 60870-5 ASDU,252
26444412,TCP,46
26502004,IEC 60870-5 ASDU,292
26502005,IEC 60870-5 ASDU,252
25212245,IEC 60870-5 ASDU,292
25212247,IEC 60870-5 ASDU,252
26702226,IEC 60870-5 ASDU,292
26702227,IEC 60870-5 ASDU,252
26802146,IEC 60870-5 ASDU,292
26802147,IEC 60870-5 ASDU,252
26843885,TCP,46
26901633,IEC 60870-5 ASDU,292
26901633,IEC 60870-5 ASDU,252
27001892,IEC 60870-5 ASDU,292
27001893,IEC 60870-5 ASDU,252
27102233,IEC 60870-5 ASDU,292
27102235,IEC 60870-5 ASDU,252
27202220,IEC 60870-5 ASDU,292
27202221,IEC 60870-5 ASDU,252
27243705,TCP,46
27301619,IEC 60870-5 ASDU,292
27301619,IEC 60870-5 ASDU,252
27402073,IEC 60870-5 ASDU,292
27402074,IEC 60870-5 ASDU,252
27502189,IEC 60870-5 ASDU,292
27502190,IEC 60870-5 ASDU,252
27601746,IEC 60870-5 ASDU,292
27601746,IEC 60870-5 ASDU,252
27644279,TCP,46
27701534,IEC 60870-5 ASDU,292
27701535,IEC 60870-5 ASDU,252
27802121,IEC 60870-5 ASDU,292
27802122,IEC 60870-5 ASDU,252
27902116,IEC 60870-5 ASDU,292
27902117,IEC 60870-5 ASDU,252
28002139,IEC 60870-5 ASDU,292
28002140,IEC 60870-5 ASDU,252
28043955,TCP,46
28101937,IEC 60870-5 ASDU,292
28101939,IEC 60870-5 ASDU,252
28202097,IEC 60870-5 ASDU,292
28202098,IEC 60870-5 ASDU,252
28301453,IEC 60870-5 ASDU,292
28301454,IEC 60870-5 ASDU,252
28402002,IEC 60870-5 ASDU,292
28402002,IEC 60870-5 ASDU,252
28424212,TCP,46
28502089,IEC 60870-5 ASDU,292
28502089,IEC 60870-5 ASDU,252
28601930,IEC 60870-5 ASDU,292
28601931,IEC 60870-5 ASDU,252
28702047,IEC 60870-5 ASDU,292
28702048,IEC 60870-5 ASDU,252
28801802,IEC 60870-5 ASDU,292
28801803,IEC 60870-5 ASDU,252
28843545,TCP,46
28901480,IEC 60870-5 ASDU,292
28901481,IEC 60870-5 ASDU,252
29012115,IEC 60870-5 ASDU,292
29012116,IEC 60870-5 ASDU,252
29101833,IEC 60870-5 ASDU,292
29101833,IEC 60870-5 ASDU,252
29201898,IEC 60870-5 ASDU,292
29201899,IEC 60870-5 ASDU,252
29243899,TCP,46
29302194,IEC 60870-5 ASDU,292
29302194,IEC 60870-5 ASDU,252
29401826,IEC 60870-5 ASDU,292
29401827,IEC 60870-5 ASDU,252
29511755,IEC 60870-5 ASDU,292
29511756,IEC 60870-5 ASDU,252
29601868,IEC 60870-5 ASDU,292
29601869,IEC 60870-5 ASDU,252
29644138,TCP,46
29701848,IEC 60870-5 ASDU,292
29701849,IEC 60870-5 ASDU,252
29801440,IEC 60870-5 ASDU,292
29801441,IEC 60870-5 ASDU,252
29901674,IEC 60870-5 ASDU,292
29901675,IEC 60870-5 ASDU,252
30001888,IEC 60870-5 ASDU,292
30001888,IEC 60870-5 ASDU,252
30044053,TCP,46
30101793,IEC 60870-5 ASDU,292
30101794,IEC 60870-5 ASDU,252
30201777,IEC 60870-5 ASDU,292
30201778,IEC 60870-5 ASDU,252
30311831,IEC 60870-5 ASDU,292
30311832,IEC 60870-5 ASDU,252
30401297,IEC 60870-5 ASDU,292
30401415,IEC 60870-5 ASDU,252
30453547,TCP,46
30501899,IEC 60870-5 ASDU,292
30501900,IEC 60870-5 ASDU,252
29201954,IEC 60870-5 ASDU,292
29201954,IEC 60870-5 ASDU,252
30711925,IEC 60870-5 ASDU,292
30711925,IEC 60870-5 ASDU,252
30802326,IEC 60870-5 ASDU,292
30802327,IEC 60870-5 ASDU,252
30843909,TCP,46
30901762,IEC 60870-5 ASDU,292
30901763,IEC 60870-5 ASDU,252
31001639,IEC 60870-5 ASDU,292
31001641,IEC 60870-5 ASDU,252
31111427,IEC 60870-5 ASDU,292
31111427,IEC 60870-5 ASDU,252
31201580,IEC 60870-5 ASDU,292
31201581,IEC 60870-5 ASDU,252
31243838,TCP,46
31301646,IEC 60870-5 ASDU,292
31301647,IEC 60870-5 ASDU,252
31401551,IEC 60870-5 ASDU,292
31401552,IEC 60870-5 ASDU,252
31511874,IEC 60870-5 ASDU,292
31511875,IEC 60870-5 ASDU,252
31601854,IEC 60870-5 ASDU,292
31601854,IEC 60870-5 ASDU,252
31633466,TCP,46
31701799,IEC 60870-5 ASDU,292
31701800,IEC 60870-5 ASDU,252
31801735,IEC 60870-5 ASDU,292
31801737,IEC 60870-5 ASDU,252
31911847,IEC 60870-5 ASDU,292
31911847,IEC 60870-5 ASDU,252
32001197,IEC 60870-5 ASDU,292
32001214,IEC 60870-5 ASDU,252
32043545,TCP,46
32101717,IEC 60870-5 ASDU,292
32101717,IEC 60870-5 ASDU,252
32201695,IEC 60870-5 ASDU,292
32201696,IEC 60870-5 ASDU,252
32302016,IEC 60870-5 ASDU,292
32302016,IEC 60870-5 ASDU,252
32401731,IEC 60870-5 ASDU,292
32401732,IEC 60870-5 ASDU,252
32443505,TCP,46
32501620,IEC 60870-5 ASDU,292
32501621,IEC 60870-5 ASDU,252
32601698,IEC 60870-5 ASDU,292
32601698,IEC 60870-5 ASDU,252
32711880,IEC 60870-5 ASDU,292
32711881,IEC 60870-5 ASDU,252
32801616,IEC 60870-5 ASDU,292
32801617,IEC 60870-5 ASDU,252
32843223,TCP,46
32901719,IEC 60870-5 ASDU,292
32901719,IEC 60870-5 ASDU,252
33001256,IEC 60870-5 ASDU,292
33001256,IEC 60870-5 ASDU,252
33101733,IEC 60870-5 ASDU,292
33101735,IEC 60870-5 ASDU,252
33201554,IEC 60870-5 ASDU,292
33201556,IEC 60870-5 ASDU,252
33243286,TCP,46
33301472,IEC 60870-5 ASDU,292
33301473,IEC 60870-5 ASDU,252
33401542,IEC 60870-5 ASDU,292
33401543,IEC 60870-5 ASDU,252
33501646,IEC 60870-5 ASDU,292
33501646,IEC 60870-5 ASDU,252
33601444,IEC 60870-5 ASDU,292
33601445,IEC 60870-5 ASDU,252
33642920,TCP,46
33700914,IEC 60870-5 ASDU,292
33700916,IEC 60870-5 ASDU,252
33801526,IEC 60870-5 ASDU,292
33801526,IEC 60870-5 ASDU,252
33901651,IEC 60870-5 ASDU,292
33901651,IEC 60870-5 ASDU,252
34000932,IEC 60870-5 ASDU,292
34000933,IEC 60870-5 ASDU,252
34043601,TCP,46
34101398,IEC 60870-5 ASDU,292
34101399,IEC 60870-5 ASDU,252
34201313,IEC 60870-5 ASDU,292
34201315,IEC 60870-5 ASDU,252
34301278,IEC 60870-5 ASDU,292
34301279,IEC 60870-5 ASDU,252
34401135,IEC 60870-5 ASDU,292
34401136,IEC 60870-5 ASDU,252
34443014,TCP,46
34501319,IEC 60870-5 ASDU,292
34501321,IEC 60870-5 ASDU,252
34600885,IEC 60870-5 ASDU,292
34600885,IEC 60870-5 ASDU,252
34701278,IEC 60870-5 ASDU,292
34701279,IEC 60870-5 ASDU,252
34801505,IEC 60870-5 ASDU,292
34801505,IEC 60870-5 ASDU,252
34852908,TCP,46
34901605,IEC 60870-5 ASDU,292
34901606,IEC 60870-5 ASDU,252
35000827,IEC 60870-5 ASDU,292
35000828,IEC 60870-5 ASDU,252
35101122,IEC 60870-5 ASDU,292
35101123,IEC 60870-5 ASDU,252
35201390,IEC 60870-5 ASDU,292
35201391,IEC 60870-5 ASDU,252
35292769,TCP,46
35301434,IEC 60870-5 ASDU,292
35301435,IEC 60870-5 ASDU,252
35401176,IEC 60870-5 ASDU,292
35401176,IEC 60870-5 ASDU,252
35500913,IEC 60870-5 ASDU,292
35500914,IEC 60870-5 ASDU,252
35601350,IEC 60870-5 ASDU,292
35601351,IEC 60870-5 ASDU,252
35642874,TCP,46
35701361,IEC 60870-5 ASDU,292
35701362,IEC 60870-5 ASDU,252
35801351,IEC 60870-5 ASDU,292
35801352,IEC 60870-5 ASDU,252
35900787,IEC 60870-5 ASDU,292
35900788,IEC 60870-5 ASDU,252
36010989,IEC 60870-5 ASDU,292
36010989,IEC 60870-5 ASDU,252
36042887,TCP,46
36101249,IEC 60870-5 ASDU,292
36101249,IEC 60870-5 ASDU,252
36200799,IEC 60870-5 ASDU,292
36200800,IEC 60870-5 ASDU,252
36301150,IEC 60870-5 ASDU,292
36301150,IEC 60870-5 ASDU,252
36411413,IEC 60870-5 ASDU,292
36411415,IEC 60870-5 ASDU,252
36443118,TCP,46
36500691,IEC 60870-5 ASDU,292
36500691,IEC 60870-5 ASDU,252
36600999,IEC 60870-5 ASDU,292
36600999,IEC 60870-5 ASDU,252
36700689,IEC 60870-5 ASDU,292
36700690,IEC 60870-5 ASDU,252
36801688,IEC 60870-5 ASDU,292
36801688,IEC 60870-5 ASDU,252
36842762,TCP,46
36900693,IEC 60870-5 ASDU,292
36900695,IEC 60870-5 ASDU,252
37000812,IEC 60870-5 ASDU,292
37000812,IEC 60870-5 ASDU,252
37100864,IEC 60870-5 ASDU,292
37100864,IEC 60870-5 ASDU,252
37200662,IEC 60870-5 ASDU,292
37200662,IEC 60870-5 ASDU,252
37242749,TCP,46
37300722,IEC 60870-5 ASDU,292
37300723,IEC 60870-5 ASDU,252
37400682,IEC 60870-5 ASDU,292
37400682,IEC 60870-5 ASDU,252
37501058,IEC 60870-5 ASDU,292
37501059,IEC 60870-5 ASDU,252
37601050,IEC 60870-5 ASDU,292
37601051,IEC 60870-5 ASDU,252
37642721,TCP,46
37700827,IEC 60870-5 ASDU,292
37700827,IEC 60870-5 ASDU,252
37801039,IEC 60870-5 ASDU,292
37801039,IEC 60870-5 ASDU,252
37901011,IEC 60870-5 ASDU,292
37901012,IEC 60870-5 ASDU,252
38000966,IEC 60870-5 ASDU,292
38000967,IEC 60870-5 ASDU,252
38024703,TCP,46
38100570,IEC 60870-5 ASDU,292
38100570,IEC 60870-5 ASDU,252
38200523,IEC 60870-5 ASDU,292
38200524,IEC 60870-5 ASDU,252
38300822,IEC 60870-5 ASDU,292
38300823,IEC 60870-5 ASDU,252
38358946,TCP,46
38366565,IEC 60870-5-104,46
38400895,IEC 60870-5 ASDU,292
38400896,IEC 60870-5 ASDU,252
38492522,TCP,46
38500948,IEC 60870-5 ASDU,292
38500948,IEC 60870-5 ASDU,252
38600833,IEC 60870-5 ASDU,292
38600835,IEC 60870-5 ASDU,252
38700501,IEC 60870-5 ASDU,292
38700501,IEC 60870-5 ASDU,252
38800814,IEC 60870-5 ASDU,292
38800815,IEC 60870-5 ASDU,252
38842553,TCP,46
38900639,IEC 60870-5 ASDU,292
38900639,IEC 60870-5 ASDU,252
39000814,IEC 60870-5 ASDU,292
39000815,IEC 60870-5 ASDU,252
39100738,IEC 60870-5 ASDU,292
39100740,IEC 60870-5 ASDU,252
39200683,IEC 60870-5 ASDU,292
39200684,IEC 60870-5 ASDU,252
39272774,TCP,46
39300399,IEC 60870-5 ASDU,292
39300400,IEC 60870-5 ASDU,252
39400732,IEC 60870-5 ASDU,292
39400733,IEC 60870-5 ASDU,252
39500720,IEC 60870-5 ASDU,292
39500721,IEC 60870-5 ASDU,252
39600679,IEC 60870-5 ASDU,292
39600682,IEC 60870-5 ASDU,252
39632923,TCP,46
39700402,IEC 60870-5 ASDU,292
39700402,IEC 60870-5 ASDU,252
39800978,IEC 60870-5 ASDU,292
39800980,IEC 60870-5 ASDU,252
39900514,IEC 60870-5 ASDU,292
39900515,IEC 60870-5 ASDU,252
40000715,IEC 60870-5 ASDU,292
40000716,IEC 60870-5 ASDU,252
40042733,TCP,46
40100708,IEC 60870-5 ASDU,292
40100710,IEC 60870-5 ASDU,252
40200682,IEC 60870-5 ASDU,292
40200683,IEC 60870-5 ASDU,252
40300252,IEC 60870-5 ASDU,292
40300267,IEC 60870-5 ASDU,252
40400840,IEC 60870-5 ASDU,292
40400841,IEC 60870-5 ASDU,252
40422594,TCP,46
40500435,IEC 60870-5 ASDU,292
40500435,IEC 60870-5 ASDU,252
40610867,IEC 60870-5 ASDU,292
40610868,IEC 60870-5 ASDU,252
40700482,IEC 60870-5 ASDU,292
40700483,IEC 60870-5 ASDU,252
40800217,IEC 60870-5 ASDU,292
40800217,IEC 60870-5 ASDU,252
40852092,TCP,46
40900695,IEC 60870-5 ASDU,292
40900695,IEC 60870-5 ASDU,252
41000710,IEC 60870-5 ASDU,292
41000710,IEC 60870-5 ASDU,252
41100488,IEC 60870-5 ASDU,292
41100489,IEC 60870-5 ASDU,252
41200638,IEC 60870-5 ASDU,292
41200639,IEC 60870-5 ASDU,252
41300238,IEC 60870-5 ASDU,292
41300240,IEC 60870-5 ASDU,252
41410764,IEC 60870-5 ASDU,292
41410764,IEC 60870-5 ASDU,252
41500563,IEC 60870-5 ASDU,292
41500563,IEC 60870-5 ASDU,252
41600692,IEC 60870-5 ASDU,292
41600692,IEC 60870-5 ASDU,252
41692259,TCP,46
41700339,IEC 60870-5 ASDU,292
41700339,IEC 60870-5 ASDU,252
41810996,IEC 60870-5 ASDU,292
41810997,IEC 60870-5 ASDU,252
41900229,IEC 60870-5 ASDU,292
41900230,IEC 60870-5 ASDU,252
42000189,IEC 60870-5 ASDU,292
42000189,IEC 60870-5 ASDU,252
42062597,TCP,46
42100780,IEC 60870-5 ASDU,292
42100781,IEC 60870-5 ASDU,252
42210935,IEC 60870-5 ASDU,292
42210936,IEC 60870-5 ASDU,252
42300173,IEC 60870-5 ASDU,292
42300174,IEC 60870-5 ASDU,252
42400507,IEC 60870-5 ASDU,292
42400508,IEC 60870-5 ASDU,252
42482340,TCP,46
42491022,IEC 60870-5 ASDU,292
42491023,IEC 60870-5 ASDU,252
42600802,IEC 60870-5 ASDU,292
42600803,IEC 60870-5 ASDU,252
42700517,IEC 60870-5 ASDU,292
42700519,IEC 60870-5 ASDU,252
42800657,IEC 60870-5 ASDU,292
42800658,IEC 60870-5 ASDU,252
42842496,TCP,46
42900684,IEC 60870-5 ASDU,292
42900685,IEC 60870-5 ASDU,252
43000664,IEC 60870-5 ASDU,292
43000665,IEC 60870-5 ASDU,252
43100732,IEC 60870-5 ASDU,292
43100734,IEC 60870-5 ASDU,252
43200341,IEC 60870-5 ASDU,292
43200341,IEC 60870-5 ASDU,252
43242606,TCP,46
43300053,IEC 60870-5 ASDU,292
43300054,IEC 60870-5 ASDU,252
43400608,IEC 60870-5 ASDU,292
43400608,IEC 60870-5 ASDU,252
43500422,IEC 60870-5 ASDU,292
43500423,IEC 60870-5 ASDU,252
43600529,IEC 60870-5 ASDU,292
43600530,IEC 60870-5 ASDU,252
43642524,TCP,46
43700085,IEC 60870-5 ASDU,292
43700085,IEC 60870-5 ASDU,252
43800011,IEC 60870-5 ASDU,292
43800012,IEC 60870-5 ASDU,252
43890326,IEC 60870-5 ASDU,292
43890327,IEC 60870-5 ASDU,252
44000526,IEC 60870-5 ASDU,292
44000527,IEC 60870-5 ASDU,252
44042520,TCP,46
44100441,IEC 60870-5 ASDU,292
44100442,IEC 60870-5 ASDU,252
44200555,IEC 60870-5 ASDU,292
44200556,IEC 60870-5 ASDU,252
44300327,IEC 60870-5 ASDU,292
44300328,IEC 60870-5 ASDU,252
44400439,IEC 60870-5 ASDU,292
44400439,IEC 60870-5 ASDU,252
44442460,TCP,46
44500488,IEC 60870-5 ASDU,292
44500488,IEC 60870-5 ASDU,252
44600430,IEC 60870-5 ASDU,292
44600430,IEC 60870-5 ASDU,252
44700377,IEC 60870-5 ASDU,292
44700377,IEC 60870-5 ASDU,252
44800519,IEC 60870-5 ASDU,292
44800520,IEC 60870-5 ASDU,252
44842621,TCP,46
44900573,IEC 60870-5 ASDU,292
44900574,IEC 60870-5 ASDU,252
44999892,IEC 60870-5 ASDU,292
44999893,IEC 60870-5 ASDU,252
45100406,IEC 60870-5 ASDU,292
45100408,IEC 60870-5 ASDU,252
45200380,IEC 60870-5 ASDU,292
45200381,IEC 60870-5 ASDU,252
45242579,TCP,46
45310562,IEC 60870-5 ASDU,292
45310562,IEC 60870-5 ASDU,252
45400248,IEC 60870-5 ASDU,292
45400249,IEC 60870-5 ASDU,252
45500433,IEC 60870-5 ASDU,292
45500435,IEC 60870-5 ASDU,252
45600484,IEC 60870-5 ASDU,292
45600485,IEC 60870-5 ASDU,252
45642527,TCP,46
45710361,IEC 60870-5 ASDU,292
45710361,IEC 60870-5 ASDU,252
45800101,IEC 60870-5 ASDU,292
45800102,IEC 60870-5 ASDU,252
45900150,IEC 60870-5 ASDU,292
45900152,IEC 60870-5 ASDU,252
46000349,IEC 60870-5 ASDU,292
46000350,IEC 60870-5 ASDU,252
46042401,TCP,46
46100292,IEC 60870-5 ASDU,292
46100307,IEC 60870-5 ASDU,252
46200211,IEC 60870-5 ASDU,292
46200211,IEC 60870-5 ASDU,252
46300254,IEC 60870-5 ASDU,292
46300255,IEC 60870-5 ASDU,252
46400115,IEC 60870-5 ASDU,292
46400117,IEC 60870-5 ASDU,252
46442432,TCP,46
46510568,IEC 60870-5 ASDU,292
46510569,IEC 60870-5 ASDU,252
46600278,IEC 60870-5 ASDU,292
46600278,IEC 60870-5 ASDU,252
46700347,IEC 60870-5 ASDU,292
46700349,IEC 60870-5 ASDU,252
46800106,IEC 60870-5 ASDU,292
46800106,IEC 60870-5 ASDU,252
46822155,TCP,46
46910333,IEC 60870-5 ASDU,292
46910333,IEC 60870-5 ASDU,252
46999660,IEC 60870-5 ASDU,292
46999699,IEC 60870-5 ASDU,252
47100009,IEC 60870-5 ASDU,292
47100024,IEC 60870-5 ASDU,252
47200165,IEC 60870-5 ASDU,292
47200166,IEC 60870-5 ASDU,252
47241821,TCP,46
47299984,IEC 60870-5 ASDU,292
47299984,IEC 60870-5 ASDU,252
47400208,IEC 60870-5 ASDU,292
47400208,IEC 60870-5 ASDU,252
47500147,IEC 60870-5 ASDU,292
47500148,IEC 60870-5 ASDU,252
47599653,IEC 60870-5 ASDU,292
47599653,IEC 60870-5 ASDU,252
47642160,TCP,46
47700173,IEC 60870-5 ASDU,292
47700173,IEC 60870-5 ASDU,252
47799980,IEC 60870-5 ASDU,292
47799981,IEC 60870-5 ASDU,252
47899972,IEC 60870-5 ASDU,292
47899973,IEC 60870-5 ASDU,252
48000103,IEC 60870-5 ASDU,292
48000103,IEC 60870-5 ASDU,252
48042162,TCP,46
48100016,IEC 60870-5 ASDU,292
48100018,IEC 60870-5 ASDU,252
48199733,IEC 60870-5 ASDU,292
48199734,IEC 60870-5 ASDU,252
48300046,IEC 60870-5 ASDU,292
48300046,IEC 60870-5 ASDU,252
48400001,IEC 60870-5 ASDU,292
48400002,IEC 60870-5 ASDU,252
48421940,TCP,46
48500032,IEC 60870-5 ASDU,292
48500033,IEC 60870-5 ASDU,252
48599528,IEC 60870-5 ASDU,292
48599529,IEC 60870-5 ASDU,252
48700026,IEC 60870-5 ASDU,292
48700027,IEC 60870-5 ASDU,252
48799820,IEC 60870-5 ASDU,292
48799821,IEC 60870-5 ASDU,252
48842174,TCP,46
48899991,IEC 60870-5 ASDU,292
48899992,IEC 60870-5 ASDU,252
48999958,IEC 60870-5 ASDU,292
48999958,IEC 60870-5 ASDU,252
49099873,IEC 60870-5 ASDU,292
49099874,IEC 60870-5 ASDU,252
49199499,IEC 60870-5 ASDU,292
49199499,IEC 60870-5 ASDU,252
49241548,TCP,46
49299403,IEC 60870-5 ASDU,292
49299489,IEC 60870-5 ASDU,252
49400041,IEC 60870-5 ASDU,292
49400042,IEC 60870-5 ASDU,252
49500162,IEC 60870-5 ASDU,292
49500163,IEC 60870-5 ASDU,252
49599472,IEC 60870-5 ASDU,292
49599473,IEC 60870-5 ASDU,252
49641896,TCP,46
49700023,IEC 60870-5 ASDU,292
49700025,IEC 60870-5 ASDU,252
49799451,IEC 60870-5 ASDU,292
49799451,IEC 60870-5 ASDU,252
49900113,IEC 60870-5 ASDU,292
49900114,IEC 60870-5 ASDU,252
49999804,IEC 60870-5 ASDU,292
49999805,IEC 60870-5 ASDU,252
50041845,TCP,46
50099371,IEC 60870-5 ASDU,292
50099372,IEC 60870-5 ASDU,252
50200103,IEC 60870-5 ASDU,292
50200104,IEC 60870-5 ASDU,252
50299714,IEC 60870-5 ASDU,292
50299715,IEC 60870-5 ASDU,252
50399386,IEC 60870-5 ASDU,292
50399387,IEC 60870-5 ASDU,252
50441834,TCP,46
50499942,IEC 60870-5 ASDU,292
50499942,IEC 60870-5 ASDU,252
50609566,IEC 60870-5 ASDU,292
50609567,IEC 60870-5 ASDU,252
50700000,IEC 60870-5 ASDU,292
50700000,IEC 60870-5 ASDU,252
50799686,IEC 60870-5 ASDU,292
50799687,IEC 60870-5 ASDU,252
50841786,TCP,46
50900003,IEC 60870-5 ASDU,292
50900004,IEC 60870-5 ASDU,252
51009461,IEC 60870-5 ASDU,292
51009461,IEC 60870-5 ASDU,252
51100063,IEC 60870-5 ASDU,292
51100063,IEC 60870-5 ASDU,252
51199820,IEC 60870-5 ASDU,292
51199821,IEC 60870-5 ASDU,252
51241783,TCP,46
51299973,IEC 60870-5 ASDU,292
51299973,IEC 60870-5 ASDU,252
51399795,IEC 60870-5 ASDU,292
51399797,IEC 60870-5 ASDU,252
51499574,IEC 60870-5 ASDU,292
51499575,IEC 60870-5 ASDU,252
51599386,IEC 60870-5 ASDU,292
51599387,IEC 60870-5 ASDU,252
51641269,TCP,46
51699789,IEC 60870-5 ASDU,292
51699790,IEC 60870-5 ASDU,252
51810017,IEC 60870-5 ASDU,292
51810018,IEC 60870-5 ASDU,252
51899482,IEC 60870-5 ASDU,292
51899482,IEC 60870-5 ASDU,252
51999377,IEC 60870-5 ASDU,292
51999378,IEC 60870-5 ASDU,252
52041891,TCP,46
52099856,IEC 60870-5 ASDU,292
52099857,IEC 60870-5 ASDU,252
52209740,IEC 60870-5 ASDU,292
52209741,IEC 60870-5 ASDU,252
52299326,IEC 60870-5 ASDU,292
52299326,IEC 60870-5 ASDU,252
52399171,IEC 60870-5 ASDU,292
52399171,IEC 60870-5 ASDU,252
52441833,TCP,46
52499541,IEC 60870-5 ASDU,292
52499541,IEC 60870-5 ASDU,252
52599786,IEC 60870-5 ASDU,292
52599787,IEC 60870-5 ASDU,252
52699705,IEC 60870-5 ASDU,292
52699706,IEC 60870-5 ASDU,252
52799497,IEC 60870-5 ASDU,292
52799498,IEC 60870-5 ASDU,252
52841561,TCP,46
52899616,IEC 60870-5 ASDU,292
52899616,IEC 60870-5 ASDU,252
52999514,IEC 60870-5 ASDU,292
52999515,IEC 60870-5 ASDU,252
53109836,IEC 60870-5 ASDU,292
53109837,IEC 60870-5 ASDU,252
53199049,IEC 60870-5 ASDU,292
53199050,IEC 60870-5 ASDU,252
53241588,TCP,46
53299552,IEC 60870-5 ASDU,292
53299553,IEC 60870-5 ASDU,252
53399750,IEC 60870-5 ASDU,292
53399751,IEC 60870-5 ASDU,252
53499662,IEC 60870-5 ASDU,292
53499664,IEC 60870-5 ASDU,252
53599665,IEC 60870-5 ASDU,292
53599665,IEC 60870-5 ASDU,252
53641706,TCP,46
53699478,IEC 60870-5 ASDU,292
53699479,IEC 60870-5 ASDU,252
53802114,IEC 60870-5 ASDU,292
53802115,IEC 60870-5 ASDU,252
53899474,IEC 60870-5 ASDU,292
53899476,IEC 60870-5 ASDU,252
53999385,IEC 60870-5 ASDU,292
53999386,IEC 60870-5 ASDU,252
54041046,TCP,46
54099556,IEC 60870-5 ASDU,292
54099557,IEC 60870-5 ASDU,252
54199368,IEC 60870-5 ASDU,292
54199369,IEC 60870-5 ASDU,252
54299184,IEC 60870-5 ASDU,292
54299184,IEC 60870-5 ASDU,252
54399313,IEC 60870-5 ASDU,292
54399314,IEC 60870-5 ASDU,252
54441551,TCP,46
54498927,IEC 60870-5 ASDU,292
54498928,IEC 60870-5 ASDU,252
54599341,IEC 60870-5 ASDU,292
54599343,IEC 60870-5 ASDU,252
54699473,IEC 60870-5 ASDU,292
54699473,IEC 60870-5 ASDU,252
54799225,IEC 60870-5 ASDU,292
54799226,IEC 60870-5 ASDU,252
54850902,TCP,46
54899038,IEC 60870-5 ASDU,292
54899038,IEC 60870-5 ASDU,252
54999361,IEC 60870-5 ASDU,292
54999362,IEC 60870-5 ASDU,252
55099294,IEC 60870-5 ASDU,292
55099295,IEC 60870-5 ASDU,252
55199531,IEC 60870-5 ASDU,292
55199532,IEC 60870-5 ASDU,252
55241553,TCP,46
55298895,IEC 60870-5 ASDU,292
55298896,IEC 60870-5 ASDU,252
55398925,IEC 60870-5 ASDU,292
55398926,IEC 60870-5 ASDU,252
55499580,IEC 60870-5 ASDU,292
55499581,IEC 60870-5 ASDU,252
55599674,IEC 60870-5 ASDU,292
55599675,IEC 60870-5 ASDU,252
55641292,TCP,46
55698870,IEC 60870-5 ASDU,292
55698871,IEC 60870-5 ASDU,252
55799440,IEC 60870-5 ASDU,292
55799440,IEC 60870-5 ASDU,252
55909058,IEC 60870-5 ASDU,292
55909059,IEC 60870-5 ASDU,252
55999492,IEC 60870-5 ASDU,292
55999493,IEC 60870-5 ASDU,252
56041531,TCP,46
56099184,IEC 60870-5 ASDU,292
56099184,IEC 60870-5 ASDU,252
56199470,IEC 60870-5 ASDU,292
56199471,IEC 60870-5 ASDU,252
56308979,IEC 60870-5 ASDU,292
56308980,IEC 60870-5 ASDU,252
56398766,IEC 60870-5 ASDU,292
56398767,IEC 60870-5 ASDU,252
56441380,TCP,46
56499514,IEC 60870-5 ASDU,292
56499515,IEC 60870-5 ASDU,252
56599235,IEC 60870-5 ASDU,292
56599236,IEC 60870-5 ASDU,252
56699452,IEC 60870-5 ASDU,292
56699452,IEC 60870-5 ASDU,252
56798768,IEC 60870-5 ASDU,292
56798768,IEC 60870-5 ASDU,252
56841453,TCP,46
56898802,IEC 60870-5 ASDU,292
56898803,IEC 60870-5 ASDU,252
56998817,IEC 60870-5 ASDU,292
56998818,IEC 60870-5 ASDU,252
57098595,IEC 60870-5 ASDU,292
57098596,IEC 60870-5 ASDU,252
57199181,IEC 60870-5 ASDU,292
57199181,IEC 60870-5 ASDU,252
57241229,TCP,46
57298638,IEC 60870-5 ASDU,292
57298639,IEC 60870-5 ASDU,252
57399080,IEC 60870-5 ASDU,292
57399081,IEC 60870-5 ASDU,252
57499214,IEC 60870-5 ASDU,292
57499215,IEC 60870-5 ASDU,252
57599130,IEC 60870-5 ASDU,292
57599131,IEC 60870-5 ASDU,252
57661040,TCP,46
57699120,IEC 60870-5 ASDU,292
57699121,IEC 60870-5 ASDU,252
57789472,IEC 60870-5 ASDU,292
57789473,IEC 60870-5 ASDU,252
57908878,IEC 60870-5 ASDU,292
57908878,IEC 60870-5 ASDU,252
57998973,IEC 60870-5 ASDU,292
57998975,IEC 60870-5 ASDU,252
58080988,TCP,46
58089133,IEC 60870-5 ASDU,292
58121378,IEC 60870-5 ASDU,252
58199114,IEC 60870-5 ASDU,292
58199115,IEC 60870-5 ASDU,252
58299130,IEC 60870-5 ASDU,292
58299131,IEC 60870-5 ASDU,252
58380710,TCP,46
58397265,IEC 60870-5-104,46
58413117,IEC 60870-5 ASDU,292
58413117,IEC 60870-5 ASDU,252
58480800,TCP,46
58499062,IEC 60870-5 ASDU,292
58499063,IEC 60870-5 ASDU,252
58599134,IEC 60870-5 ASDU,292
58599135,IEC 60870-5 ASDU,252
58699265,IEC 60870-5 ASDU,292
58699265,IEC 60870-5 ASDU,252
58809069,IEC 60870-5 ASDU,292
58809071,IEC 60870-5 ASDU,252
58841144,TCP,46
58899033,IEC 60870-5 ASDU,292
58899034,IEC 60870-5 ASDU,252
58999214,IEC 60870-5 ASDU,292
58999215,IEC 60870-5 ASDU,252
59099143,IEC 60870-5 ASDU,292
59099143,IEC 60870-5 ASDU,252
59199105,IEC 60870-5 ASDU,292
59199106,IEC 60870-5 ASDU,252
59240978,TCP,46
59298730,IEC 60870-5 ASDU,292
59298731,IEC 60870-5 ASDU,252
59399089,IEC 60870-5 ASDU,292
59399090,IEC 60870-5 ASDU,252
59499103,IEC 60870-5 ASDU,292
59499104,IEC 60870-5 ASDU,252
59609029,IEC 60870-5 ASDU,292
59609029,IEC 60870-5 ASDU,252
59640759,TCP,46
59699192,IEC 60870-5 ASDU,292
59699193,IEC 60870-5 ASDU,252
59799048,IEC 60870-5 ASDU,292
59799048,IEC 60870-5 ASDU,252
59899012,IEC 60870-5 ASDU,292
59899012,IEC 60870-5 ASDU,252
59999198,IEC 60870-5 ASDU,292
59999198,IEC 60870-5 ASDU,252
60040758,TCP,46
60099094,IEC 60870-5 ASDU,292
60099094,IEC 60870-5 ASDU,252
60199037,IEC 60870-5 ASDU,292
60199039,IEC 60870-5 ASDU,252
60298996,IEC 60870-5 ASDU,292
60298996,IEC 60870-5 ASDU,252
60409115,IEC 60870-5 ASDU,292
60409117,IEC 60870-5 ASDU,252
60440563,TCP,46
60498884,IEC 60870-5 ASDU,292
60498884,IEC 60870-5 ASDU,252
60598867,IEC 60870-5 ASDU,292
60598868,IEC 60870-5 ASDU,252
60698904,IEC 60870-5 ASDU,292
60698905,IEC 60870-5 ASDU,252
60809115,IEC 60870-5 ASDU,292
60809117,IEC 60870-5 ASDU,252
60840386,TCP,46
60898800,IEC 60870-5 ASDU,292
60898801,IEC 60870-5 ASDU,252
60998351,IEC 60870-5 ASDU,292
60998353,IEC 60870-5 ASDU,252
61098883,IEC 60870-5 ASDU,292
61098883,IEC 60870-5 ASDU,252
61208994,IEC 60870-5 ASDU,292
61208995,IEC 60870-5 ASDU,252
61240485,TCP,46
61298857,IEC 60870-5 ASDU,292
61298857,IEC 60870-5 ASDU,252
61398896,IEC 60870-5 ASDU,292
61398896,IEC 60870-5 ASDU,252
61498762,IEC 60870-5 ASDU,292
61498764,IEC 60870-5 ASDU,252
61608847,IEC 60870-5 ASDU,292
61608848,IEC 60870-5 ASDU,252
61640494,TCP,46
61699020,IEC 60870-5 ASDU,292
61699021,IEC 60870-5 ASDU,252
61798870,IEC 60870-5 ASDU,292
61798871,IEC 60870-5 ASDU,252
61898868,IEC 60870-5 ASDU,292
61898869,IEC 60870-5 ASDU,252
61998783,IEC 60870-5 ASDU,292
61998784,IEC 60870-5 ASDU,252
62040601,TCP,46
62098755,IEC 60870-5 ASDU,292
62098756,IEC 60870-5 ASDU,252
62198931,IEC 60870-5 ASDU,292
62198932,IEC 60870-5 ASDU,252
62298702,IEC 60870-5 ASDU,292
62298703,IEC 60870-5 ASDU,252
62398155,IEC 60870-5 ASDU,292
62398156,IEC 60870-5 ASDU,252
62420882,TCP,46
62498751,IEC 60870-5 ASDU,292
62498751,IEC 60870-5 ASDU,252
62598786,IEC 60870-5 ASDU,292
62598788,IEC 60870-5 ASDU,252
62698564,IEC 60870-5 ASDU,292
62698564,IEC 60870-5 ASDU,252
62798107,IEC 60870-5 ASDU,292
62798107,IEC 60870-5 ASDU,252
62840500,TCP,46
62898718,IEC 60870-5 ASDU,292
62898719,IEC 60870-5 ASDU,252
62998684,IEC 60870-5 ASDU,292
62998684,IEC 60870-5 ASDU,252
63098856,IEC 60870-5 ASDU,292
63098857,IEC 60870-5 ASDU,252
63198048,IEC 60870-5 ASDU,292
63198049,IEC 60870-5 ASDU,252
63240670,TCP,46
63298366,IEC 60870-5 ASDU,292
63298366,IEC 60870-5 ASDU,252
63398296,IEC 60870-5 ASDU,292
63398296,IEC 60870-5 ASDU,252
63498634,IEC 60870-5 ASDU,292
63498634,IEC 60870-5 ASDU,252
63598039,IEC 60870-5 ASDU,292
63598064,IEC 60870-5 ASDU,252
63640316,TCP,46
63698234,IEC 60870-5 ASDU,292
63698235,IEC 60870-5 ASDU,252
63808733,IEC 60870-5 ASDU,292
63808734,IEC 60870-5 ASDU,252
63898128,IEC 60870-5 ASDU,292
63898129,IEC 60870-5 ASDU,252
63998035,IEC 60870-5 ASDU,292
63998036,IEC 60870-5 ASDU,252
64020331,TCP,46
64098657,IEC 60870-5 ASDU,292
64098658,IEC 60870-5 ASDU,252
64198000,IEC 60870-5 ASDU,292
64198002,IEC 60870-5 ASDU,252
64298711,IEC 60870-5 ASDU,292
64298712,IEC 60870-5 ASDU,252
64398576,IEC 60870-5 ASDU,292
64398576,IEC 60870-5 ASDU,252
64448568,TCP,46
64498578,IEC 60870-5 ASDU,292
64498578,IEC 60870-5 ASDU,252
64598504,IEC 60870-5 ASDU,292
64598504,IEC 60870-5 ASDU,252
64697904,IEC 60870-5 ASDU,292
64697904,IEC 60870-5 ASDU,252
64798446,IEC 60870-5 ASDU,292
64798446,IEC 60870-5 ASDU,252
64840331,TCP,46
64897944,IEC 60870-5 ASDU,292
64897945,IEC 60870-5 ASDU,252
64997982,IEC 60870-5 ASDU,292
64997982,IEC 60870-5 ASDU,252
65098466,IEC 60870-5 ASDU,292
65098467,IEC 60870-5 ASDU,252
65198461,IEC 60870-5 ASDU,292
65198462,IEC 60870-5 ASDU,252
65240115,TCP,46
65298411,IEC 60870-5 ASDU,292
65298413,IEC 60870-5 ASDU,252
65408011,IEC 60870-5 ASDU,292
65408180,IEC 60870-5 ASDU,252
65498361,IEC 60870-5 ASDU,292
65498361,IEC 60870-5 ASDU,252
65598375,IEC 60870-5 ASDU,292
65598375,IEC 60870-5 ASDU,252
65640192,TCP,46
65698065,IEC 60870-5 ASDU,292
65698065,IEC 60870-5 ASDU,252
65808589,IEC 60870-5 ASDU,292
65808589,IEC 60870-5 ASDU,252
65898094,IEC 60870-5 ASDU,292
65898095,IEC 60870-5 ASDU,252
65998380,IEC 60870-5 ASDU,292
65998380,IEC 60870-5 ASDU,252
66040286,TCP,46
66098446,IEC 60870-5 ASDU,292
66098448,IEC 60870-5 ASDU,252
66207910,IEC 60870-5 ASDU,292
66207911,IEC 60870-5 ASDU,252
66298330,IEC 60870-5 ASDU,292
66298330,IEC 60870-5 ASDU,252
66397681,IEC 60870-5 ASDU,292
66397718,IEC 60870-5 ASDU,252
66439823,TCP,46
66497751,IEC 60870-5 ASDU,292
66497751,IEC 60870-5 ASDU,252
66608513,IEC 60870-5 ASDU,292
66608514,IEC 60870-5 ASDU,252
66698219,IEC 60870-5 ASDU,292
66698220,IEC 60870-5 ASDU,252
66798133,IEC 60870-5 ASDU,292
66798134,IEC 60870-5 ASDU,252
66839850,TCP,46
66898148,IEC 60870-5 ASDU,292
66898149,IEC 60870-5 ASDU,252
66998218,IEC 60870-5 ASDU,292
66998219,IEC 60870-5 ASDU,252
67097937,IEC 60870-5 ASDU,292
67097937,IEC 60870-5 ASDU,252
67197948,IEC 60870-5 ASDU,292
67197950,IEC 60870-5 ASDU,252
67239783,TCP,46
67298178,IEC 60870-5 ASDU,292
67298178,IEC 60870-5 ASDU,252
67398148,IEC 60870-5 ASDU,292
67398149,IEC 60870-5 ASDU,252
67498169,IEC 60870-5 ASDU,292
67498170,IEC 60870-5 ASDU,252
67598143,IEC 60870-5 ASDU,292
67598144,IEC 60870-5 ASDU,252
67639706,TCP,46
67698106,IEC 60870-5 ASDU,292
67698108,IEC 60870-5 ASDU,252
67798107,IEC 60870-5 ASDU,292
67798107,IEC 60870-5 ASDU,252
67908168,IEC 60870-5 ASDU,292
67908169,IEC 60870-5 ASDU,252
67998090,IEC 60870-5 ASDU,292
67998091,IEC 60870-5 ASDU,252
68040312,TCP,46
68098089,IEC 60870-5 ASDU,292
68098090,IEC 60870-5 ASDU,252
68198121,IEC 60870-5 ASDU,292
68198121,IEC 60870-5 ASDU,252
68307941,IEC 60870-5 ASDU,292
68307943,IEC 60870-5 ASDU,252
68398055,IEC 60870-5 ASDU,292
68398056,IEC 60870-5 ASDU,252
68439676,TCP,46
68498045,IEC 60870-5 ASDU,292
68498048,IEC 60870-5 ASDU,252
68598072,IEC 60870-5 ASDU,292
68598073,IEC 60870-5 ASDU,252
68698017,IEC 60870-5 ASDU,292
68698017,IEC 60870-5 ASDU,252
68797657,IEC 60870-5 ASDU,292
68797658,IEC 60870-5 ASDU,252
68840288,TCP,46
68898059,IEC 60870-5 ASDU,292
68898060,IEC 60870-5 ASDU,252
68997969,IEC 60870-5 ASDU,292
68997969,IEC 60870-5 ASDU,252
69098027,IEC 60870-5 ASDU,292
69098028,IEC 60870-5 ASDU,252
69208022,IEC 60870-5 ASDU,292
69208023,IEC 60870-5 ASDU,252
69240072,TCP,46
69298019,IEC 60870-5 ASDU,292
69298020,IEC 60870-5 ASDU,252
69398091,IEC 60870-5 ASDU,292
69398091,IEC 60870-5 ASDU,252
69497489,IEC 60870-5 ASDU,292
69497490,IEC 60870-5 ASDU,252
69598212,IEC 60870-5 ASDU,292
69598212,IEC 60870-5 ASDU,252
69649957,TCP,46
69698226,IEC 60870-5 ASDU,292
69698227,IEC 60870-5 ASDU,252
69797807,IEC 60870-5 ASDU,292
69797807,IEC 60870-5 ASDU,252
69897486,IEC 60870-5 ASDU,292
69897486,IEC 60870-5 ASDU,252
69998006,IEC 60870-5 ASDU,292
69998007,IEC 60870-5 ASDU,252
70060089,TCP,46
70097935,IEC 60870-5 ASDU,292
70097936,IEC 60870-5 ASDU,252
70197758,IEC 60870-5 ASDU,292
70197759,IEC 60870-5 ASDU,252
70297972,IEC 60870-5 ASDU,292
70297973,IEC 60870-5 ASDU,252
70397722,IEC 60870-5 ASDU,292
70397723,IEC 60870-5 ASDU,252
70497464,IEC 60870-5 ASDU,292
70497464,IEC 60870-5 ASDU,252
70597669,IEC 60870-5 ASDU,292
70597670,IEC 60870-5 ASDU,252
70697966,IEC 60870-5 ASDU,292
70697967,IEC 60870-5 ASDU,252
70797975,IEC 60870-5 ASDU,292
70797976,IEC 60870-5 ASDU,252
70897399,IEC 60870-5 ASDU,292
70897400,IEC 60870-5 ASDU,252
70997708,IEC 60870-5 ASDU,292
70997709,IEC 60870-5 ASDU,252
71097337,IEC 60870-5 ASDU,292
71097337,IEC 60870-5 ASDU,252
71197777,IEC 60870-5 ASDU,292
71197778,IEC 60870-5 ASDU,252
71289809,TCP,46
71297403,IEC 60870-5 ASDU,292
71297403,IEC 60870-5 ASDU,252
71397328,IEC 60870-5 ASDU,292
71397328,IEC 60870-5 ASDU,252
71497270,IEC 60870-5 ASDU,292
71497271,IEC 60870-5 ASDU,252
71597793,IEC 60870-5 ASDU,292
71597793,IEC 60870-5 ASDU,252
71659980,TCP,46
71697882,IEC 60870-5 ASDU,292
71697882,IEC 60870-5 ASDU,252
71797770,IEC 60870-5 ASDU,292
71797771,IEC 60870-5 ASDU,252
71897784,IEC 60870-5 ASDU,292
71897785,IEC 60870-5 ASDU,252
71997237,IEC 60870-5 ASDU,292
71997409,IEC 60870-5 ASDU,252
72080039,TCP,46
72097309,IEC 60870-5 ASDU,292
72097310,IEC 60870-5 ASDU,252
72197729,IEC 60870-5 ASDU,292
72197729,IEC 60870-5 ASDU,252
72297712,IEC 60870-5 ASDU,292
72297713,IEC 60870-5 ASDU,252
72397784,IEC 60870-5 ASDU,292
72397785,IEC 60870-5 ASDU,252
72449624,TCP,46
72508067,IEC 60870-5 ASDU,292
72508068,IEC 60870-5 ASDU,252
72597727,IEC 60870-5 ASDU,292
72597727,IEC 60870-5 ASDU,252
72697156,IEC 60870-5 ASDU,292
72697156,IEC 60870-5 ASDU,252
72797554,IEC 60870-5 ASDU,292
72797556,IEC 60870-5 ASDU,252
72889148,TCP,46
72897734,IEC 60870-5 ASDU,292
72897734,IEC 60870-5 ASDU,252
72997120,IEC 60870-5 ASDU,292
72997120,IEC 60870-5 ASDU,252
73097660,IEC 60870-5 ASDU,292
73097661,IEC 60870-5 ASDU,252
73197538,IEC 60870-5 ASDU,292
73197539,IEC 60870-5 ASDU,252
73219510,TCP,46
73297509,IEC 60870-5 ASDU,292
73297510,IEC 60870-5 ASDU,252
73397541,IEC 60870-5 ASDU,292
73397542,IEC 60870-5 ASDU,252
73497749,IEC 60870-5 ASDU,292
73497750,IEC 60870-5 ASDU,252
73597468,IEC 60870-5 ASDU,292
73597469,IEC 60870-5 ASDU,252
73639548,TCP,46
73697571,IEC 60870-5 ASDU,292
73697572,IEC 60870-5 ASDU,252
73797537,IEC 60870-5 ASDU,292
73797538,IEC 60870-5 ASDU,252
73897589,IEC 60870-5 ASDU,292
73897591,IEC 60870-5 ASDU,252
73997609,IEC 60870-5 ASDU,292
73997610,IEC 60870-5 ASDU,252
74049522,TCP,46
74107763,IEC 60870-5 ASDU,292
74107764,IEC 60870-5 ASDU,252
74197072,IEC 60870-5 ASDU,292
74197074,IEC 60870-5 ASDU,252
74297484,IEC 60870-5 ASDU,292
74297484,IEC 60870-5 ASDU,252
74397090,IEC 60870-5 ASDU,292
74397090,IEC 60870-5 ASDU,252
74448952,TCP,46
74507615,IEC 60870-5 ASDU,292
74507616,IEC 60870-5 ASDU,252
74597569,IEC 60870-5 ASDU,292
74597570,IEC 60870-5 ASDU,252
74697206,IEC 60870-5 ASDU,292
74697207,IEC 60870-5 ASDU,252
74797486,IEC 60870-5 ASDU,292
74797487,IEC 60870-5 ASDU,252
74839433,TCP,46
74896921,IEC 60870-5 ASDU,292
74896922,IEC 60870-5 ASDU,252
74997556,IEC 60870-5 ASDU,292
74997557,IEC 60870-5 ASDU,252
75097259,IEC 60870-5 ASDU,292
75097259,IEC 60870-5 ASDU,252
75197424,IEC 60870-5 ASDU,292
75197425,IEC 60870-5 ASDU,252
75269294,TCP,46
75297334,IEC 60870-5 ASDU,292
75297335,IEC 60870-5 ASDU,252
75397295,IEC 60870-5 ASDU,292
75397296,IEC 60870-5 ASDU,252
75497298,IEC 60870-5 ASDU,292
75497298,IEC 60870-5 ASDU,252
75597316,IEC 60870-5 ASDU,292
75597318,IEC 60870-5 ASDU,252
75638945,TCP,46
75697465,IEC 60870-5 ASDU,292
75697467,IEC 60870-5 ASDU,252
75796945,IEC 60870-5 ASDU,292
75796946,IEC 60870-5 ASDU,252
75897002,IEC 60870-5 ASDU,292
75897002,IEC 60870-5 ASDU,252
75997496,IEC 60870-5 ASDU,292
75997497,IEC 60870-5 ASDU,252
76038925,TCP,46
76097095,IEC 60870-5 ASDU,292
76097095,IEC 60870-5 ASDU,252
76197031,IEC 60870-5 ASDU,292
76197032,IEC 60870-5 ASDU,252
76297047,IEC 60870-5 ASDU,292
76297048,IEC 60870-5 ASDU,252
76397257,IEC 60870-5 ASDU,292
76397258,IEC 60870-5 ASDU,252
76438964,TCP,46
76497005,IEC 60870-5 ASDU,292
76497006,IEC 60870-5 ASDU,252
76596819,IEC 60870-5 ASDU,292
76596820,IEC 60870-5 ASDU,252
76696964,IEC 60870-5 ASDU,292
76696965,IEC 60870-5 ASDU,252
76796964,IEC 60870-5 ASDU,292
76796964,IEC 60870-5 ASDU,252
76839484,TCP,46
76896929,IEC 60870-5 ASDU,292
76896929,IEC 60870-5 ASDU,252
76996760,IEC 60870-5 ASDU,292
76996761,IEC 60870-5 ASDU,252
77107650,IEC 60870-5 ASDU,292
77107650,IEC 60870-5 ASDU,252
77196952,IEC 60870-5 ASDU,292
77196953,IEC 60870-5 ASDU,252
77238869,TCP,46
77296921,IEC 60870-5 ASDU,292
77296922,IEC 60870-5 ASDU,252
77396789,IEC 60870-5 ASDU,292
77396790,IEC 60870-5 ASDU,252
77507471,IEC 60870-5 ASDU,292
77507471,IEC 60870-5 ASDU,252
77597213,IEC 60870-5 ASDU,292
77597214,IEC 60870-5 ASDU,252
77639148,TCP,46
77696863,IEC 60870-5 ASDU,292
77696863,IEC 60870-5 ASDU,252
77796583,IEC 60870-5 ASDU,292
77796708,IEC 60870-5 ASDU,252
77896867,IEC 60870-5 ASDU,292
77896869,IEC 60870-5 ASDU,252
77996803,IEC 60870-5 ASDU,292
77996803,IEC 60870-5 ASDU,252
78039421,TCP,46
78096751,IEC 60870-5 ASDU,292
78096752,IEC 60870-5 ASDU,252
78196619,IEC 60870-5 ASDU,292
78196619,IEC 60870-5 ASDU,252
78307310,IEC 60870-5 ASDU,292
78307310,IEC 60870-5 ASDU,252
78397056,IEC 60870-5 ASDU,292
78397057,IEC 60870-5 ASDU,252
78419097,TCP,46
78426952,IEC 60870-5-104,46
78496779,IEC 60870-5 ASDU,292
78496779,IEC 60870-5 ASDU,252
78596728,IEC 60870-5 ASDU,292
78596728,IEC 60870-5 ASDU,252
78697034,IEC 60870-5 ASDU,292
78697035,IEC 60870-5 ASDU,252
78796481,IEC 60870-5 ASDU,292
78796482,IEC 60870-5 ASDU,252
78896685,IEC 60870-5 ASDU,292
78896685,IEC 60870-5 ASDU,252
78996942,IEC 60870-5 ASDU,292
78996943,IEC 60870-5 ASDU,252
79096433,IEC 60870-5 ASDU,292
79096450,IEC 60870-5 ASDU,252
79207371,IEC 60870-5 ASDU,292
79207371,IEC 60870-5 ASDU,252
79288497,TCP,46
79296624,IEC 60870-5 ASDU,292
79296624,IEC 60870-5 ASDU,252
79396918,IEC 60870-5 ASDU,292
79396918,IEC 60870-5 ASDU,252
79496569,IEC 60870-5 ASDU,292
79496570,IEC 60870-5 ASDU,252
79596602,IEC 60870-5 ASDU,292
79596603,IEC 60870-5 ASDU,252
79638711,TCP,46
79696626,IEC 60870-5 ASDU,292
79696627,IEC 60870-5 ASDU,252
79796557,IEC 60870-5 ASDU,292
79796557,IEC 60870-5 ASDU,252
79896452,IEC 60870-5 ASDU,292
79896452,IEC 60870-5 ASDU,252
79996636,IEC 60870-5 ASDU,292
79996636,IEC 60870-5 ASDU,252
80038942,TCP,46
80096783,IEC 60870-5 ASDU,292
80096784,IEC 60870-5 ASDU,252
80196512,IEC 60870-5 ASDU,292
80196512,IEC 60870-5 ASDU,252
80296874,IEC 60870-5 ASDU,292
80296875,IEC 60870-5 ASDU,252
80396964,IEC 60870-5 ASDU,292
80396965,IEC 60870-5 ASDU,252
80438921,TCP,46
80496418,IEC 60870-5 ASDU,292
80496418,IEC 60870-5 ASDU,252
80596585,IEC 60870-5 ASDU,292
80596585,IEC 60870-5 ASDU,252
80696674,IEC 60870-5 ASDU,292
80696675,IEC 60870-5 ASDU,252
80796670,IEC 60870-5 ASDU,292
80796671,IEC 60870-5 ASDU,252
80838553,TCP,46
80896421,IEC 60870-5 ASDU,292
80896422,IEC 60870-5 ASDU,252
80996692,IEC 60870-5 ASDU,292
80996692,IEC 60870-5 ASDU,252
81096651,IEC 60870-5 ASDU,292
81096652,IEC 60870-5 ASDU,252
81196518,IEC 60870-5 ASDU,292
81196518,IEC 60870-5 ASDU,252
81239115,TCP,46
81296923,IEC 60870-5 ASDU,292
81296924,IEC 60870-5 ASDU,252
81396349,IEC 60870-5 ASDU,292
81396349,IEC 60870-5 ASDU,252
81496305,IEC 60870-5 ASDU,292
81496292,IEC 60870-5 ASDU,252
81596884,IEC 60870-5 ASDU,292
81596885,IEC 60870-5 ASDU,252
81639045,TCP,46
81696924,IEC 60870-5 ASDU,292
81696925,IEC 60870-5 ASDU,252
81796322,IEC 60870-5 ASDU,292
81796322,IEC 60870-5 ASDU,252
81896684,IEC 60870-5 ASDU,292
81896684,IEC 60870-5 ASDU,252
81996404,IEC 60870-5 ASDU,292
81996405,IEC 60870-5 ASDU,252
82039027,TCP,46
82096641,IEC 60870-5 ASDU,292
82096642,IEC 60870-5 ASDU,252
82196258,IEC 60870-5 ASDU,292
82196258,IEC 60870-5 ASDU,252
82296641,IEC 60870-5 ASDU,292
82296642,IEC 60870-5 ASDU,252
82396210,IEC 60870-5 ASDU,292
82396211,IEC 60870-5 ASDU,252
82438310,TCP,46
82496316,IEC 60870-5 ASDU,292
82496318,IEC 60870-5 ASDU,252
82596203,IEC 60870-5 ASDU,292
82596204,IEC 60870-5 ASDU,252
82696216,IEC 60870-5 ASDU,292
82696216,IEC 60870-5 ASDU,252
82796171,IEC 60870-5 ASDU,292
82796172,IEC 60870-5 ASDU,252
82838836,TCP,46
82896449,IEC 60870-5 ASDU,292
82896450,IEC 60870-5 ASDU,252
82996214,IEC 60870-5 ASDU,292
82996214,IEC 60870-5 ASDU,252
83096475,IEC 60870-5 ASDU,292
83096475,IEC 60870-5 ASDU,252
83196148,IEC 60870-5 ASDU,292
83196148,IEC 60870-5 ASDU,252
83238913,TCP,46
83296499,IEC 60870-5 ASDU,292
83296500,IEC 60870-5 ASDU,252
83396614,IEC 60870-5 ASDU,292
83396614,IEC 60870-5 ASDU,252
83496169,IEC 60870-5 ASDU,292
83496170,IEC 60870-5 ASDU,252
83596243,IEC 60870-5 ASDU,292
83596243,IEC 60870-5 ASDU,252
83638889,TCP,46
83695998,IEC 60870-5 ASDU,292
83695999,IEC 60870-5 ASDU,252
83796185,IEC 60870-5 ASDU,292
83796185,IEC 60870-5 ASDU,252
83896519,IEC 60870-5 ASDU,292
83896520,IEC 60870-5 ASDU,252
83996054,IEC 60870-5 ASDU,292
83996101,IEC 60870-5 ASDU,252
84038496,TCP,46
84096100,IEC 60870-5 ASDU,292
84096100,IEC 60870-5 ASDU,252
84196057,IEC 60870-5 ASDU,292
84196058,IEC 60870-5 ASDU,252
84296011,IEC 60870-5 ASDU,292
84296011,IEC 60870-5 ASDU,252
84396028,IEC 60870-5 ASDU,292
84396029,IEC 60870-5 ASDU,252
84438801,TCP,46
84506617,IEC 60870-5 ASDU,292
84506618,IEC 60870-5 ASDU,252
84595966,IEC 60870-5 ASDU,292
84595967,IEC 60870-5 ASDU,252
84696063,IEC 60870-5 ASDU,292
84696063,IEC 60870-5 ASDU,252
84795963,IEC 60870-5 ASDU,292
84795963,IEC 60870-5 ASDU,252
84838729,TCP,46
84906513,IEC 60870-5 ASDU,292
84906513,IEC 60870-5 ASDU,252
84995978,IEC 60870-5 ASDU,292
84995978,IEC 60870-5 ASDU,252
85095908,IEC 60870-5 ASDU,292
85095908,IEC 60870-5 ASDU,252
85195913,IEC 60870-5 ASDU,292
85195914,IEC 60870-5 ASDU,252
85238045,TCP,46
85292406,IEC 60870-5 ASDU,292
85292406,IEC 60870-5 ASDU,252
85395961,IEC 60870-5 ASDU,292
85395963,IEC 60870-5 ASDU,252
85495886,IEC 60870-5 ASDU,292
85495887,IEC 60870-5 ASDU,252
85595965,IEC 60870-5 ASDU,292
85595966,IEC 60870-5 ASDU,252
85638672,TCP,46
85695953,IEC 60870-5 ASDU,292
85695954,IEC 60870-5 ASDU,252
85795902,IEC 60870-5 ASDU,292
85795903,IEC 60870-5 ASDU,252
85895813,IEC 60870-5 ASDU,292
85895835,IEC 60870-5 ASDU,252
85995918,IEC 60870-5 ASDU,292
85995918,IEC 60870-5 ASDU,252
86038314,TCP,46
86096021,IEC 60870-5 ASDU,292
86096023,IEC 60870-5 ASDU,252
86195820,IEC 60870-5 ASDU,292
86195821,IEC 60870-5 ASDU,252
86295730,IEC 60870-5 ASDU,292
86295730,IEC 60870-5 ASDU,252
86395847,IEC 60870-5 ASDU,292
86395848,IEC 60870-5 ASDU,252
86438352,TCP,46
86495901,IEC 60870-5 ASDU,292
86495901,IEC 60870-5 ASDU,252
86595962,IEC 60870-5 ASDU,292
86595982,IEC 60870-5 ASDU,252
86695811,IEC 60870-5 ASDU,292
86695811,IEC 60870-5 ASDU,252
86796182,IEC 60870-5 ASDU,292
86796183,IEC 60870-5 ASDU,252
86848078,TCP,46
86896233,IEC 60870-5 ASDU,292
86896233,IEC 60870-5 ASDU,252
86996121,IEC 60870-5 ASDU,292
86996122,IEC 60870-5 ASDU,252
87096254,IEC 60870-5 ASDU,292
87096254,IEC 60870-5 ASDU,252
87195774,IEC 60870-5 ASDU,292
87195774,IEC 60870-5 ASDU,252
87278319,TCP,46
87286378,IEC 60870-5 ASDU,292
87286379,IEC 60870-5 ASDU,252
87395674,IEC 60870-5 ASDU,292
87395674,IEC 60870-5 ASDU,252
87496214,IEC 60870-5 ASDU,292
87496215,IEC 60870-5 ASDU,252
87595774,IEC 60870-5 ASDU,292
87595774,IEC 60870-5 ASDU,252
87644057,TCP,46
87696053,IEC 60870-5 ASDU,292
87696054,IEC 60870-5 ASDU,252
87796009,IEC 60870-5 ASDU,292
87796010,IEC 60870-5 ASDU,252
87896072,IEC 60870-5 ASDU,292
87896073,IEC 60870-5 ASDU,252
87995986,IEC 60870-5 ASDU,292
87995987,IEC 60870-5 ASDU,252
88038479,TCP,46
88095669,IEC 60870-5 ASDU,292
88095669,IEC 60870-5 ASDU,252
88195801,IEC 60870-5 ASDU,292
88195802,IEC 60870-5 ASDU,252
88295668,IEC 60870-5 ASDU,292
88295668,IEC 60870-5 ASDU,252
88395971,IEC 60870-5 ASDU,292
88395973,IEC 60870-5 ASDU,252
88438295,TCP,46
88495568,IEC 60870-5 ASDU,292
88495568,IEC 60870-5 ASDU,252
88595792,IEC 60870-5 ASDU,292
88595792,IEC 60870-5 ASDU,252
88706139,IEC 60870-5 ASDU,292
88706139,IEC 60870-5 ASDU,252
88795599,IEC 60870-5 ASDU,292
88795599,IEC 60870-5 ASDU,252
88838113,TCP,46
88895968,IEC 60870-5 ASDU,292
88895969,IEC 60870-5 ASDU,252
88996024,IEC 60870-5 ASDU,292
88996025,IEC 60870-5 ASDU,252
89095647,IEC 60870-5 ASDU,292
89095647,IEC 60870-5 ASDU,252
89195980,IEC 60870-5 ASDU,292
89195981,IEC 60870-5 ASDU,252
89247444,TCP,46
89295814,IEC 60870-5 ASDU,292
89295815,IEC 60870-5 ASDU,252
89395893,IEC 60870-5 ASDU,292
89395894,IEC 60870-5 ASDU,252
89495949,IEC 60870-5 ASDU,292
89495950,IEC 60870-5 ASDU,252
89595561,IEC 60870-5 ASDU,292
89595561,IEC 60870-5 ASDU,252
89637655,TCP,46
89695749,IEC 60870-5 ASDU,292
89695749,IEC 60870-5 ASDU,252
89795494,IEC 60870-5 ASDU,292
89795494,IEC 60870-5 ASDU,252
89895913,IEC 60870-5 ASDU,292
89895913,IEC 60870-5 ASDU,252
89995509,IEC 60870-5 ASDU,292
89995510,IEC 60870-5 ASDU,252
90047749,TCP,46
90095882,IEC 60870-5 ASDU,292
90095882,IEC 60870-5 ASDU,252
90195536,IEC 60870-5 ASDU,292
90195538,IEC 60870-5 ASDU,252
90295900,IEC 60870-5 ASDU,292
90295901,IEC 60870-5 ASDU,252
90395916,IEC 60870-5 ASDU,292
90395917,IEC 60870-5 ASDU,252
90438068,TCP,46
90495792,IEC 60870-5 ASDU,292
90495792,IEC 60870-5 ASDU,252
90595828,IEC 60870-5 ASDU,292
90595829,IEC 60870-5 ASDU,252
90695861,IEC 60870-5 ASDU,292
90695862,IEC 60870-5 ASDU,252
90795345,IEC 60870-5 ASDU,292
90795345,IEC 60870-5 ASDU,252
90837854,TCP,46
90895778,IEC 60870-5 ASDU,292
90895779,IEC 60870-5 ASDU,252
90995510,IEC 60870-5 ASDU,292
90995511,IEC 60870-5 ASDU,252
91095622,IEC 60870-5 ASDU,292
91095623,IEC 60870-5 ASDU,252
91195434,IEC 60870-5 ASDU,292
91195436,IEC 60870-5 ASDU,252
91237724,TCP,46
91295730,IEC 60870-5 ASDU,292
91295731,IEC 60870-5 ASDU,252
91395346,IEC 60870-5 ASDU,292
91395346,IEC 60870-5 ASDU,252
91495816,IEC 60870-5 ASDU,292
91495816,IEC 60870-5 ASDU,252
91595530,IEC 60870-5 ASDU,292
91595531,IEC 60870-5 ASDU,252
91638052,TCP,46
91695764,IEC 60870-5 ASDU,292
91695765,IEC 60870-5 ASDU,252
91795131,IEC 60870-5 ASDU,292
91795131,IEC 60870-5 ASDU,252
91895530,IEC 60870-5 ASDU,292
91895531,IEC 60870-5 ASDU,252
91995308,IEC 60870-5 ASDU,292
91995309,IEC 60870-5 ASDU,252
92017814,TCP,46
92095488,IEC 60870-5 ASDU,292
92095489,IEC 60870-5 ASDU,252
92195211,IEC 60870-5 ASDU,292
92195212,IEC 60870-5 ASDU,252
92295475,IEC 60870-5 ASDU,292
92295475,IEC 60870-5 ASDU,252
92395310,IEC 60870-5 ASDU,292
92395310,IEC 60870-5 ASDU,252
92437850,TCP,46
92495670,IEC 60870-5 ASDU,292
92495671,IEC 60870-5 ASDU,252
92595694,IEC 60870-5 ASDU,292
92595694,IEC 60870-5 ASDU,252
92695301,IEC 60870-5 ASDU,292
92695302,IEC 60870-5 ASDU,252
92795218,IEC 60870-5 ASDU,292
92795219,IEC 60870-5 ASDU,252
92837848,TCP,46
92895288,IEC 60870-5 ASDU,292
92895289,IEC 60870-5 ASDU,252
92995144,IEC 60870-5 ASDU,292
92995144,IEC 60870-5 ASDU,252
93095197,IEC 60870-5 ASDU,292
93095198,IEC 60870-5 ASDU,252
93195070,IEC 60870-5 ASDU,292
93195071,IEC 60870-5 ASDU,252
93247472,TCP,46
93295370,IEC 60870-5 ASDU,292
93295371,IEC 60870-5 ASDU,252
93395724,IEC 60870-5 ASDU,292
93395725,IEC 60870-5 ASDU,252
93495390,IEC 60870-5 ASDU,292
93495390,IEC 60870-5 ASDU,252
93595577,IEC 60870-5 ASDU,292
93595577,IEC 60870-5 ASDU,252
93687205,TCP,46
93695129,IEC 60870-5 ASDU,292
93695129,IEC 60870-5 ASDU,252
93795063,IEC 60870-5 ASDU,292
93795064,IEC 60870-5 ASDU,252
93895124,IEC 60870-5 ASDU,292
93895124,IEC 60870-5 ASDU,252
93995185,IEC 60870-5 ASDU,292
93995185,IEC 60870-5 ASDU,252
94037786,TCP,46
94095496,IEC 60870-5 ASDU,292
94095497,IEC 60870-5 ASDU,252
94195472,IEC 60870-5 ASDU,292
94195473,IEC 60870-5 ASDU,252
94295453,IEC 60870-5 ASDU,292
94295453,IEC 60870-5 ASDU,252
94395043,IEC 60870-5 ASDU,292
94395045,IEC 60870-5 ASDU,252
94437722,TCP,46
94495010,IEC 60870-5 ASDU,292
94495010,IEC 60870-5 ASDU,252
94595532,IEC 60870-5 ASDU,292
94595533,IEC 60870-5 ASDU,252
94695074,IEC 60870-5 ASDU,292
94695075,IEC 60870-5 ASDU,252
94794990,IEC 60870-5 ASDU,292
94794991,IEC 60870-5 ASDU,252
94837233,TCP,46
94894982,IEC 60870-5 ASDU,292
94894983,IEC 60870-5 ASDU,252
94995259,IEC 60870-5 ASDU,292
94995260,IEC 60870-5 ASDU,252
95095359,IEC 60870-5 ASDU,292
95095359,IEC 60870-5 ASDU,252
95194938,IEC 60870-5 ASDU,292
95194939,IEC 60870-5 ASDU,252
95237088,TCP,46
95295506,IEC 60870-5 ASDU,292
95295506,IEC 60870-5 ASDU,252
95394980,IEC 60870-5 ASDU,292
95395037,IEC 60870-5 ASDU,252
95494815,IEC 60870-5 ASDU,292
95494815,IEC 60870-5 ASDU,252
95594901,IEC 60870-5 ASDU,292
95594902,IEC 60870-5 ASDU,252
95637378,TCP,46
95695036,IEC 60870-5 ASDU,292
95695037,IEC 60870-5 ASDU,252
95794907,IEC 60870-5 ASDU,292
95794907,IEC 60870-5 ASDU,252
95895333,IEC 60870-5 ASDU,292
95895334,IEC 60870-5 ASDU,252
95995279,IEC 60870-5 ASDU,292
95995280,IEC 60870-5 ASDU,252
96037039,TCP,46
96094959,IEC 60870-5 ASDU,292
96094964,IEC 60870-5 ASDU,252
96194900,IEC 60870-5 ASDU,292
96194900,IEC 60870-5 ASDU,252
96294818,IEC 60870-5 ASDU,292
96294818,IEC 60870-5 ASDU,252
96395280,IEC 60870-5 ASDU,292
96395282,IEC 60870-5 ASDU,252
96417100,TCP,46
96495108,IEC 60870-5 ASDU,292
96495108,IEC 60870-5 ASDU,252
96594886,IEC 60870-5 ASDU,292
96594886,IEC 60870-5 ASDU,252
96695362,IEC 60870-5 ASDU,292
96695363,IEC 60870-5 ASDU,252
96795243,IEC 60870-5 ASDU,292
96795243,IEC 60870-5 ASDU,252
96837559,TCP,46
96905551,IEC 60870-5 ASDU,292
96905551,IEC 60870-5 ASDU,252
96995322,IEC 60870-5 ASDU,292
96995323,IEC 60870-5 ASDU,252
97095100,IEC 60870-5 ASDU,292
97095101,IEC 60870-5 ASDU,252
97194820,IEC 60870-5 ASDU,292
97194820,IEC 60870-5 ASDU,252
97227223,TCP,46
97295160,IEC 60870-5 ASDU,292
97295160,IEC 60870-5 ASDU,252
97395115,IEC 60870-5 ASDU,292
97395116,IEC 60870-5 ASDU,252
97495084,IEC 60870-5 ASDU,292
97495084,IEC 60870-5 ASDU,252
97595140,IEC 60870-5 ASDU,292
97595140,IEC 60870-5 ASDU,252
97637459,TCP,46
97695067,IEC 60870-5 ASDU,292
97695067,IEC 60870-5 ASDU,252
97794733,IEC 60870-5 ASDU,292
97794733,IEC 60870-5 ASDU,252
97895039,IEC 60870-5 ASDU,292
97895039,IEC 60870-5 ASDU,252
97995024,IEC 60870-5 ASDU,292
97995025,IEC 60870-5 ASDU,252
98037121,TCP,46
98094645,IEC 60870-5 ASDU,292
98094646,IEC 60870-5 ASDU,252
98194937,IEC 60870-5 ASDU,292
98194937,IEC 60870-5 ASDU,252
98294556,IEC 60870-5 ASDU,292
98294556,IEC 60870-5 ASDU,252
98395055,IEC 60870-5 ASDU,292
98395056,IEC 60870-5 ASDU,252
98437317,TCP,46
98466553,TCP,46
98474615,IEC 60870-5-104,46
98494949,IEC 60870-5 ASDU,292
98494950,IEC 60870-5 ASDU,252
98594931,IEC 60870-5 ASDU,292
98594931,IEC 60870-5 ASDU,252
98695230,IEC 60870-5 ASDU,292
98695230,IEC 60870-5 ASDU,252
98794565,IEC 60870-5 ASDU,292
98794566,IEC 60870-5 ASDU,252
98886590,TCP,46
98894958,IEC 60870-5 ASDU,292
98894958,IEC 60870-5 ASDU,252
98994993,IEC 60870-5 ASDU,292
98994993,IEC 60870-5 ASDU,252
99094627,IEC 60870-5 ASDU,292
99094627,IEC 60870-5 ASDU,252
99194489,IEC 60870-5 ASDU,292
99194578,IEC 60870-5 ASDU,252
99236618,TCP,46
99294686,IEC 60870-5 ASDU,292
99294686,IEC 60870-5 ASDU,252
99394536,IEC 60870-5 ASDU,292
99394536,IEC 60870-5 ASDU,252
99494591,IEC 60870-5 ASDU,292
99494591,IEC 60870-5 ASDU,252
99594837,IEC 60870-5 ASDU,292
99594837,IEC 60870-5 ASDU,252
99637087,TCP,46
99694874,IEC 60870-5 ASDU,292
99694875,IEC 60870-5 ASDU,252
99794896,IEC 60870-5 ASDU,292
99794897,IEC 60870-5 ASDU,252
99894476,IEC 60870-5 ASDU,292
99894477,IEC 60870-5 ASDU,252
99994459,IEC 60870-5 ASDU,292
99994460,IEC 60870-5 ASDU,252
100087139,TCP,46
100094544,IEC 60870-5 ASDU,292
100094544,IEC 60870-5 ASDU,252
100194488,IEC 60870-5 ASDU,292
100194489,IEC 60870-5 ASDU,252
100294457,IEC 60870-5 ASDU,292
100294458,IEC 60870-5 ASDU,252
100394448,IEC 60870-5 ASDU,292
100394448,IEC 60870-5 ASDU,252
100437125,TCP,46
100494827,IEC 60870-5 ASDU,292
100494828,IEC 60870-5 ASDU,252
100584730,IEC 60870-5 ASDU,292
100584731,IEC 60870-5 ASDU,252
100694402,IEC 60870-5 ASDU,292
100694402,IEC 60870-5 ASDU,252
100794591,IEC 60870-5 ASDU,292
100794592,IEC 60870-5 ASDU,252
100836632,TCP,46
100894368,IEC 60870-5 ASDU,292
100894369,IEC 60870-5 ASDU,252
100994645,IEC 60870-5 ASDU,292
100994646,IEC 60870-5 ASDU,252
101094409,IEC 60870-5 ASDU,292
101094409,IEC 60870-5 ASDU,252
101194373,IEC 60870-5 ASDU,292
101194373,IEC 60870-5 ASDU,252
101237101,TCP,46
101294712,IEC 60870-5 ASDU,292
101294714,IEC 60870-5 ASDU,252
101394601,IEC 60870-5 ASDU,292
101394601,IEC 60870-5 ASDU,252
101494296,IEC 60870-5 ASDU,292
101494296,IEC 60870-5 ASDU,252
101594327,IEC 60870-5 ASDU,292
101594327,IEC 60870-5 ASDU,252
101626932,TCP,46
101694364,IEC 60870-5 ASDU,292
101694364,IEC 60870-5 ASDU,252
101794450,IEC 60870-5 ASDU,292
101794450,IEC 60870-5 ASDU,252
101894734,IEC 60870-5 ASDU,292
101894736,IEC 60870-5 ASDU,252
101994470,IEC 60870-5 ASDU,292
101994471,IEC 60870-5 ASDU,252
102036956,TCP,46
102094827,IEC 60870-5 ASDU,292
102094828,IEC 60870-5 ASDU,252
102194662,IEC 60870-5 ASDU,292
102194663,IEC 60870-5 ASDU,252
102294231,IEC 60870-5 ASDU,292
102294231,IEC 60870-5 ASDU,252
102394774,IEC 60870-5 ASDU,292
102394775,IEC 60870-5 ASDU,252
102436850,TCP,46
102494496,IEC 60870-5 ASDU,292
102494497,IEC 60870-5 ASDU,252
102594643,IEC 60870-5 ASDU,292
102594643,IEC 60870-5 ASDU,252
102694156,IEC 60870-5 ASDU,292
102694323,IEC 60870-5 ASDU,252
102794177,IEC 60870-5 ASDU,292
102794178,IEC 60870-5 ASDU,252
102856661,TCP,46
102894910,IEC 60870-5 ASDU,292
102894910,IEC 60870-5 ASDU,252
102994639,IEC 60870-5 ASDU,292
102994639,IEC 60870-5 ASDU,252
103094208,IEC 60870-5 ASDU,292
103094209,IEC 60870-5 ASDU,252
103194249,IEC 60870-5 ASDU,292
103194250,IEC 60870-5 ASDU,252
103286204,TCP,46
103294675,IEC 60870-5 ASDU,292
103294675,IEC 60870-5 ASDU,252
103394061,IEC 60870-5 ASDU,292
103394170,IEC 60870-5 ASDU,252
103494488,IEC 60870-5 ASDU,292
103494488,IEC 60870-5 ASDU,252
103594591,IEC 60870-5 ASDU,292
103594591,IEC 60870-5 ASDU,252
103642217,TCP,46
103694471,IEC 60870-5 ASDU,292
103694471,IEC 60870-5 ASDU,252
103794591,IEC 60870-5 ASDU,292
103794591,IEC 60870-5 ASDU,252
103894592,IEC 60870-5 ASDU,292
103894611,IEC 60870-5 ASDU,252
103994474,IEC 60870-5 ASDU,292
103994475,IEC 60870-5 ASDU,252
104036707,TCP,46
104094627,IEC 60870-5 ASDU,292
104094629,IEC 60870-5 ASDU,252
104194402,IEC 60870-5 ASDU,292
104194402,IEC 60870-5 ASDU,252
104294641,IEC 60870-5 ASDU,292
104294641,IEC 60870-5 ASDU,252
104394074,IEC 60870-5 ASDU,292
104394074,IEC 60870-5 ASDU,252
104446292,TCP,46
104494135,IEC 60870-5 ASDU,292
104494136,IEC 60870-5 ASDU,252
104594002,IEC 60870-5 ASDU,292
104594002,IEC 60870-5 ASDU,252
104694393,IEC 60870-5 ASDU,292
104694394,IEC 60870-5 ASDU,252
104794457,IEC 60870-5 ASDU,292
104794457,IEC 60870-5 ASDU,252
104850239,TCP,46
104894493,IEC 60870-5 ASDU,292
104894495,IEC 60870-5 ASDU,252
104994304,IEC 60870-5 ASDU,292
104994304,IEC 60870-5 ASDU,252
105094727,IEC 60870-5 ASDU,292
105094727,IEC 60870-5 ASDU,252
105194024,IEC 60870-5 ASDU,292
105194024,IEC 60870-5 ASDU,252
105246198,TCP,46
105294235,IEC 60870-5 ASDU,292
105294235,IEC 60870-5 ASDU,252
105394249,IEC 60870-5 ASDU,292
105394250,IEC 60870-5 ASDU,252
105494322,IEC 60870-5 ASDU,292
105494322,IEC 60870-5 ASDU,252
105593856,IEC 60870-5 ASDU,292
105594014,IEC 60870-5 ASDU,252
105635960,TCP,46
105693974,IEC 60870-5 ASDU,292
105693975,IEC 60870-5 ASDU,252
105794239,IEC 60870-5 ASDU,292
105794240,IEC 60870-5 ASDU,252
105893853,IEC 60870-5 ASDU,292
105893855,IEC 60870-5 ASDU,252
105994121,IEC 60870-5 ASDU,292
105994121,IEC 60870-5 ASDU,252
106035974,TCP,46
106094155,IEC 60870-5 ASDU,292
106094156,IEC 60870-5 ASDU,252
106194358,IEC 60870-5 ASDU,292
106194359,IEC 60870-5 ASDU,252
106294221,IEC 60870-5 ASDU,292
106294221,IEC 60870-5 ASDU,252
106393839,IEC 60870-5 ASDU,292
106393840,IEC 60870-5 ASDU,252
106416559,TCP,46
106494229,IEC 60870-5 ASDU,292
106494229,IEC 60870-5 ASDU,252
106593705,IEC 60870-5 ASDU,292
106593992,IEC 60870-5 ASDU,252
106694334,IEC 60870-5 ASDU,292
106694335,IEC 60870-5 ASDU,252
106794208,IEC 60870-5 ASDU,292
106794209,IEC 60870-5 ASDU,252
106826226,TCP,46
106894250,IEC 60870-5 ASDU,292
106894251,IEC 60870-5 ASDU,252
106993845,IEC 60870-5 ASDU,292
106993846,IEC 60870-5 ASDU,252
107093805,IEC 60870-5 ASDU,292
107093806,IEC 60870-5 ASDU,252
107194063,IEC 60870-5 ASDU,292
107194064,IEC 60870-5 ASDU,252
107235942,TCP,46
107294186,IEC 60870-5 ASDU,292
107294187,IEC 60870-5 ASDU,252
107393806,IEC 60870-5 ASDU,292
107393807,IEC 60870-5 ASDU,252
107493806,IEC 60870-5 ASDU,292
107493807,IEC 60870-5 ASDU,252
107603836,IEC 60870-5 ASDU,292
107604008,IEC 60870-5 ASDU,252
107646002,TCP,46
107694106,IEC 60870-5 ASDU,292
107694107,IEC 60870-5 ASDU,252
107794056,IEC 60870-5 ASDU,292
107794057,IEC 60870-5 ASDU,252
107893720,IEC 60870-5 ASDU,292
107893720,IEC 60870-5 ASDU,252
108003704,IEC 60870-5 ASDU,292
108003704,IEC 60870-5 ASDU,252
108056194,TCP,46
108093714,IEC 60870-5 ASDU,292
108093715,IEC 60870-5 ASDU,252
108193587,IEC 60870-5 ASDU,292
108193587,IEC 60870-5 ASDU,252
108284442,IEC 60870-5 ASDU,292
108284444,IEC 60870-5 ASDU,252
108403801,IEC 60870-5 ASDU,292
108403801,IEC 60870-5 ASDU,252
108486011,TCP,46
108494173,IEC 60870-5 ASDU,292
108494174,IEC 60870-5 ASDU,252
108594115,IEC 60870-5 ASDU,292
108594116,IEC 60870-5 ASDU,252
108694087,IEC 60870-5 ASDU,292
108694087,IEC 60870-5 ASDU,252
108803872,IEC 60870-5 ASDU,292
108803872,IEC 60870-5 ASDU,252
108836034,TCP,46
108894128,IEC 60870-5 ASDU,292
108894128,IEC 60870-5 ASDU,252
108994025,IEC 60870-5 ASDU,292
109009954,IEC 60870-5 ASDU,252
109094076,IEC 60870-5 ASDU,292
109094076,IEC 60870-5 ASDU,252
109193759,IEC 60870-5 ASDU,292
109193760,IEC 60870-5 ASDU,252
109235744,TCP,46
109293696,IEC 60870-5 ASDU,292
109293696,IEC 60870-5 ASDU,252
109394022,IEC 60870-5 ASDU,292
109394023,IEC 60870-5 ASDU,252
109493584,IEC 60870-5 ASDU,292
109493584,IEC 60870-5 ASDU,252
109593624,IEC 60870-5 ASDU,292
109593625,IEC 60870-5 ASDU,252
109635592,TCP,46
109693758,IEC 60870-5 ASDU,292
109693759,IEC 60870-5 ASDU,252
109793866,IEC 60870-5 ASDU,292
109793867,IEC 60870-5 ASDU,252
109893903,IEC 60870-5 ASDU,292
109893904,IEC 60870-5 ASDU,252
109993762,IEC 60870-5 ASDU,292
109993763,IEC 60870-5 ASDU,252
110035582,TCP,46
110093480,IEC 60870-5 ASDU,292
110093481,IEC 60870-5 ASDU,252
110193522,IEC 60870-5 ASDU,292
110193522,IEC 60870-5 ASDU,252
110293958,IEC 60870-5 ASDU,292
110293958,IEC 60870-5 ASDU,252
110393528,IEC 60870-5 ASDU,292
110393529,IEC 60870-5 ASDU,252
110435517,TCP,46
110493877,IEC 60870-5 ASDU,292
110493878,IEC 60870-5 ASDU,252
110593475,IEC 60870-5 ASDU,292
110593475,IEC 60870-5 ASDU,252
110693241,IEC 60870-5 ASDU,292
110693241,IEC 60870-5 ASDU,252
110793453,IEC 60870-5 ASDU,292
110793453,IEC 60870-5 ASDU,252
110835503,TCP,46
110893807,IEC 60870-5 ASDU,292
110893808,IEC 60870-5 ASDU,252
110993403,IEC 60870-5 ASDU,292
110993403,IEC 60870-5 ASDU,252
111093193,IEC 60870-5 ASDU,292
111093193,IEC 60870-5 ASDU,252
111193594,IEC 60870-5 ASDU,292
111193594,IEC 60870-5 ASDU,252
111235763,TCP,46
111293988,IEC 60870-5 ASDU,292
111293988,IEC 60870-5 ASDU,252
111393397,IEC 60870-5 ASDU,292
111393398,IEC 60870-5 ASDU,252
111493336,IEC 60870-5 ASDU,292
111493336,IEC 60870-5 ASDU,252
111593657,IEC 60870-5 ASDU,292
111593658,IEC 60870-5 ASDU,252
111635760,TCP,46
111693316,IEC 60870-5 ASDU,292
111693316,IEC 60870-5 ASDU,252
111793301,IEC 60870-5 ASDU,292
111793301,IEC 60870-5 ASDU,252
111893905,IEC 60870-5 ASDU,292
111893906,IEC 60870-5 ASDU,252
111993811,IEC 60870-5 ASDU,292
111993811,IEC 60870-5 ASDU,252
112035765,TCP,46
112093955,IEC 60870-5 ASDU,292
112093957,IEC 60870-5 ASDU,252
112193341,IEC 60870-5 ASDU,292
112193341,IEC 60870-5 ASDU,252
112303915,IEC 60870-5 ASDU,292
112303915,IEC 60870-5 ASDU,252
112393841,IEC 60870-5 ASDU,292
112393842,IEC 60870-5 ASDU,252
112435662,TCP,46
112493872,IEC 60870-5 ASDU,292
112493873,IEC 60870-5 ASDU,252
112593576,IEC 60870-5 ASDU,292
112593576,IEC 60870-5 ASDU,252
112693173,IEC 60870-5 ASDU,292
112693174,IEC 60870-5 ASDU,252
112793289,IEC 60870-5 ASDU,292
112793289,IEC 60870-5 ASDU,252
112835686,TCP,46
112893231,IEC 60870-5 ASDU,292
112893232,IEC 60870-5 ASDU,252
112993360,IEC 60870-5 ASDU,292
112993360,IEC 60870-5 ASDU,252
113103631,IEC 60870-5 ASDU,292
113103632,IEC 60870-5 ASDU,252
113193124,IEC 60870-5 ASDU,292
113193125,IEC 60870-5 ASDU,252
113235635,TCP,46
113293277,IEC 60870-5 ASDU,292
113293277,IEC 60870-5 ASDU,252
113393150,IEC 60870-5 ASDU,292
113393151,IEC 60870-5 ASDU,252
113493512,IEC 60870-5 ASDU,292
113493512,IEC 60870-5 ASDU,252
113593770,IEC 60870-5 ASDU,292
113593771,IEC 60870-5 ASDU,252
113635689,TCP,46
113693105,IEC 60870-5 ASDU,292
113693105,IEC 60870-5 ASDU,252
113793443,IEC 60870-5 ASDU,292
113793443,IEC 60870-5 ASDU,252
113893415,IEC 60870-5 ASDU,292
113893416,IEC 60870-5 ASDU,252
113993148,IEC 60870-5 ASDU,292
113993148,IEC 60870-5 ASDU,252
114035740,TCP,46
114093087,IEC 60870-5 ASDU,292
114093087,IEC 60870-5 ASDU,252
114193098,IEC 60870-5 ASDU,292
114193099,IEC 60870-5 ASDU,252
114293103,IEC 60870-5 ASDU,292
114293104,IEC 60870-5 ASDU,252
114393150,IEC 60870-5 ASDU,292
114393151,IEC 60870-5 ASDU,252
114435536,TCP,46
114493590,IEC 60870-5 ASDU,292
114493591,IEC 60870-5 ASDU,252
114593321,IEC 60870-5 ASDU,292
114593322,IEC 60870-5 ASDU,252
114692929,IEC 60870-5 ASDU,292
114692929,IEC 60870-5 ASDU,252
114793402,IEC 60870-5 ASDU,292
114793402,IEC 60870-5 ASDU,252
114835634,TCP,46
114892942,IEC 60870-5 ASDU,292
114893004,IEC 60870-5 ASDU,252
114992885,IEC 60870-5 ASDU,292
114992956,IEC 60870-5 ASDU,252
115093346,IEC 60870-5 ASDU,292
115093346,IEC 60870-5 ASDU,252
115193273,IEC 60870-5 ASDU,292
115193275,IEC 60870-5 ASDU,252
115235448,TCP,46
115292919,IEC 60870-5 ASDU,292
115292920,IEC 60870-5 ASDU,252
115392926,IEC 60870-5 ASDU,292
115392926,IEC 60870-5 ASDU,252
115493395,IEC 60870-5 ASDU,292
115493395,IEC 60870-5 ASDU,252
115592973,IEC 60870-5 ASDU,292
115592974,IEC 60870-5 ASDU,252
115635563,TCP,46
115692989,IEC 60870-5 ASDU,292
115692990,IEC 60870-5 ASDU,252
115793040,IEC 60870-5 ASDU,292
115793041,IEC 60870-5 ASDU,252
115902921,IEC 60870-5 ASDU,292
115902922,IEC 60870-5 ASDU,252
115992929,IEC 60870-5 ASDU,292
115992929,IEC 60870-5 ASDU,252
116035606,TCP,46
116093269,IEC 60870-5 ASDU,292
116093270,IEC 60870-5 ASDU,252
116193278,IEC 60870-5 ASDU,292
116193278,IEC 60870-5 ASDU,252
116303623,IEC 60870-5 ASDU,292
116303624,IEC 60870-5 ASDU,252
116392821,IEC 60870-5 ASDU,292
116392821,IEC 60870-5 ASDU,252
116434967,TCP,46
116492823,IEC 60870-5 ASDU,292
116492824,IEC 60870-5 ASDU,252
116592911,IEC 60870-5 ASDU,292
116592911,IEC 60870-5 ASDU,252
116703301,IEC 60870-5 ASDU,292
116703302,IEC 60870-5 ASDU,252
116792755,IEC 60870-5 ASDU,292
116792755,IEC 60870-5 ASDU,252
116835353,TCP,46
116893443,IEC 60870-5 ASDU,292
116893444,IEC 60870-5 ASDU,252
116993189,IEC 60870-5 ASDU,292
116993189,IEC 60870-5 ASDU,252
117103445,IEC 60870-5 ASDU,292
117103445,IEC 60870-5 ASDU,252
117192769,IEC 60870-5 ASDU,292
117192818,IEC 60870-5 ASDU,252
117234844,TCP,46
117292930,IEC 60870-5 ASDU,292
117292931,IEC 60870-5 ASDU,252
117392766,IEC 60870-5 ASDU,292
117392766,IEC 60870-5 ASDU,252
117493428,IEC 60870-5 ASDU,292
117493429,IEC 60870-5 ASDU,252
117593347,IEC 60870-5 ASDU,292
117593347,IEC 60870-5 ASDU,252
117635080,TCP,46
117692766,IEC 60870-5 ASDU,292
117692766,IEC 60870-5 ASDU,252
117793003,IEC 60870-5 ASDU,292
117793004,IEC 60870-5 ASDU,252
117903256,IEC 60870-5 ASDU,292
117903256,IEC 60870-5 ASDU,252
117992868,IEC 60870-5 ASDU,292
117992869,IEC 60870-5 ASDU,252
118035140,TCP,46
118092883,IEC 60870-5 ASDU,292
118092883,IEC 60870-5 ASDU,252
118193166,IEC 60870-5 ASDU,292
118193167,IEC 60870-5 ASDU,252
118303142,IEC 60870-5 ASDU,292
118303142,IEC 60870-5 ASDU,252
118393091,IEC 60870-5 ASDU,292
118393092,IEC 60870-5 ASDU,252
118435279,TCP,46
118464787,TCP,46
118473204,IEC 60870-5-104,46
118493240,IEC 60870-5 ASDU,292
118493241,IEC 60870-5 ASDU,252
118583226,IEC 60870-5 ASDU,292
118583227,IEC 60870-5 ASDU,252
118693045,IEC 60870-5 ASDU,292
118693046,IEC 60870-5 ASDU,252
118792939,IEC 60870-5 ASDU,292
118792939,IEC 60870-5 ASDU,252
118875252,TCP,46
118883232,IEC 60870-5 ASDU,292
118906890,IEC 60870-5 ASDU,252
118992631,IEC 60870-5 ASDU,292
118992631,IEC 60870-5 ASDU,252
119093040,IEC 60870-5 ASDU,292
119093040,IEC 60870-5 ASDU,252
119192997,IEC 60870-5 ASDU,292
119192998,IEC 60870-5 ASDU,252
119235015,TCP,46
119292507,IEC 60870-5 ASDU,292
119292509,IEC 60870-5 ASDU,252
119392549,IEC 60870-5 ASDU,292
119392549,IEC 60870-5 ASDU,252
119502654,IEC 60870-5 ASDU,292
119502655,IEC 60870-5 ASDU,252
119592593,IEC 60870-5 ASDU,292
119592593,IEC 60870-5 ASDU,252
119634993,TCP,46
119692935,IEC 60870-5 ASDU,292
119692936,IEC 60870-5 ASDU,252
119792498,IEC 60870-5 ASDU,292
119792499,IEC 60870-5 ASDU,252
119902736,IEC 60870-5 ASDU,292
119902737,IEC 60870-5 ASDU,252
119992486,IEC 60870-5 ASDU,292
119992487,IEC 60870-5 ASDU,252
120034760,TCP,46
120092573,IEC 60870-5 ASDU,292
120092574,IEC 60870-5 ASDU,252
120192516,IEC 60870-5 ASDU,292
120192517,IEC 60870-5 ASDU,252
120302850,IEC 60870-5 ASDU,292
120302850,IEC 60870-5 ASDU,252
120392373,IEC 60870-5 ASDU,292
120392373,IEC 60870-5 ASDU,252
120434968,TCP,46
120492506,IEC 60870-5 ASDU,292
120492506,IEC 60870-5 ASDU,252
120592906,IEC 60870-5 ASDU,292
120592907,IEC 60870-5 ASDU,252
120693075,IEC 60870-5 ASDU,292
120693075,IEC 60870-5 ASDU,252
120792617,IEC 60870-5 ASDU,292
120792617,IEC 60870-5 ASDU,252
120834809,TCP,46
120892594,IEC 60870-5 ASDU,292
120892594,IEC 60870-5 ASDU,252
120992381,IEC 60870-5 ASDU,292
120992382,IEC 60870-5 ASDU,252
121083195,IEC 60870-5 ASDU,292
121083196,IEC 60870-5 ASDU,252
121192412,IEC 60870-5 ASDU,292
121192414,IEC 60870-5 ASDU,252
121240328,TCP,46
121292413,IEC 60870-5 ASDU,292
121292413,IEC 60870-5 ASDU,252
121392772,IEC 60870-5 ASDU,292
121392774,IEC 60870-5 ASDU,252
121502420,IEC 60870-5 ASDU,292
121502420,IEC 60870-5 ASDU,252
121592359,IEC 60870-5 ASDU,292
121592359,IEC 60870-5 ASDU,252
121635122,TCP,46
121692361,IEC 60870-5 ASDU,292
121692361,IEC 60870-5 ASDU,252
121792354,IEC 60870-5 ASDU,292
121792354,IEC 60870-5 ASDU,252
121892278,IEC 60870-5 ASDU,292
121892278,IEC 60870-5 ASDU,252
121992259,IEC 60870-5 ASDU,292
121992259,IEC 60870-5 ASDU,252
122034996,TCP,46
122092244,IEC 60870-5 ASDU,292
122092244,IEC 60870-5 ASDU,252
122192294,IEC 60870-5 ASDU,292
122192295,IEC 60870-5 ASDU,252
122302588,IEC 60870-5 ASDU,292
122302589,IEC 60870-5 ASDU,252
122392277,IEC 60870-5 ASDU,292
122392277,IEC 60870-5 ASDU,252
122434993,TCP,46
122492231,IEC 60870-5 ASDU,292
122492231,IEC 60870-5 ASDU,252
122592698,IEC 60870-5 ASDU,292
122592698,IEC 60870-5 ASDU,252
122692180,IEC 60870-5 ASDU,292
122692180,IEC 60870-5 ASDU,252
122792253,IEC 60870-5 ASDU,292
122792254,IEC 60870-5 ASDU,252
122834604,TCP,46
122892250,IEC 60870-5 ASDU,292
122892252,IEC 60870-5 ASDU,252
122992207,IEC 60870-5 ASDU,292
122992207,IEC 60870-5 ASDU,252
123092794,IEC 60870-5 ASDU,292
123092795,IEC 60870-5 ASDU,252
123202780,IEC 60870-5 ASDU,292
123202781,IEC 60870-5 ASDU,252
123234613,TCP,46
123292810,IEC 60870-5 ASDU,292
123292811,IEC 60870-5 ASDU,252
123392145,IEC 60870-5 ASDU,292
123392146,IEC 60870-5 ASDU,252
123492136,IEC 60870-5 ASDU,292
123492136,IEC 60870-5 ASDU,252
123592524,IEC 60870-5 ASDU,292
123592524,IEC 60870-5 ASDU,252
123634419,TCP,46
123692096,IEC 60870-5 ASDU,292
123692097,IEC 60870-5 ASDU,252
123791963,IEC 60870-5 ASDU,292
123791963,IEC 60870-5 ASDU,252
123892097,IEC 60870-5 ASDU,292
123892098,IEC 60870-5 ASDU,252
123982557,IEC 60870-5 ASDU,292
123982558,IEC 60870-5 ASDU,252
124014236,TCP,46
124092628,IEC 60870-5 ASDU,292
124092628,IEC 60870-5 ASDU,252
124192500,IEC 60870-5 ASDU,292
124192501,IEC 60870-5 ASDU,252
124292438,IEC 60870-5 ASDU,292
124292439,IEC 60870-5 ASDU,252
124392448,IEC 60870-5 ASDU,292
124392449,IEC 60870-5 ASDU,252
124434456,TCP,46
124492477,IEC 60870-5 ASDU,292
124492478,IEC 60870-5 ASDU,252
124592050,IEC 60870-5 ASDU,292
124592050,IEC 60870-5 ASDU,252
124692375,IEC 60870-5 ASDU,292
124692376,IEC 60870-5 ASDU,252
124802645,IEC 60870-5 ASDU,292
124802646,IEC 60870-5 ASDU,252
124892377,IEC 60870-5 ASDU,292
124892378,IEC 60870-5 ASDU,252
124914670,TCP,46
124992007,IEC 60870-5 ASDU,292
124992008,IEC 60870-5 ASDU,252
125092075,IEC 60870-5 ASDU,292
125092075,IEC 60870-5 ASDU,252
125202535,IEC 60870-5 ASDU,292
125202536,IEC 60870-5 ASDU,252
125234063,TCP,46
125291897,IEC 60870-5 ASDU,292
125291897,IEC 60870-5 ASDU,252
125392228,IEC 60870-5 ASDU,292
125392228,IEC 60870-5 ASDU,252
125492320,IEC 60870-5 ASDU,292
125492321,IEC 60870-5 ASDU,252
125592381,IEC 60870-5 ASDU,292
125592382,IEC 60870-5 ASDU,252
125634009,TCP,46
125691986,IEC 60870-5 ASDU,292
125691986,IEC 60870-5 ASDU,252
125792341,IEC 60870-5 ASDU,292
125792341,IEC 60870-5 ASDU,252
125892189,IEC 60870-5 ASDU,292
125892189,IEC 60870-5 ASDU,252
125992326,IEC 60870-5 ASDU,292
125992326,IEC 60870-5 ASDU,252
126034573,TCP,46
126092295,IEC 60870-5 ASDU,292
126092296,IEC 60870-5 ASDU,252
126192315,IEC 60870-5 ASDU,292
126192316,IEC 60870-5 ASDU,252
126292145,IEC 60870-5 ASDU,292
126292145,IEC 60870-5 ASDU,252
126392283,IEC 60870-5 ASDU,292
126392283,IEC 60870-5 ASDU,252
126433918,TCP,46
126492282,IEC 60870-5 ASDU,292
126492283,IEC 60870-5 ASDU,252
126592261,IEC 60870-5 ASDU,292
126592262,IEC 60870-5 ASDU,252
125291786,IEC 60870-5 ASDU,292
125291956,IEC 60870-5 ASDU,252
126802399,IEC 60870-5 ASDU,292
126802399,IEC 60870-5 ASDU,252
126834467,TCP,46
126891982,IEC 60870-5 ASDU,292
126891983,IEC 60870-5 ASDU,252
126992135,IEC 60870-5 ASDU,292
126992135,IEC 60870-5 ASDU,252
127092118,IEC 60870-5 ASDU,292
127092118,IEC 60870-5 ASDU,252
127192163,IEC 60870-5 ASDU,292
127192164,IEC 60870-5 ASDU,252
127234233,TCP,46
127292202,IEC 60870-5 ASDU,292
127292204,IEC 60870-5 ASDU,252
127392158,IEC 60870-5 ASDU,292
127392159,IEC 60870-5 ASDU,252
127492139,IEC 60870-5 ASDU,292
127492139,IEC 60870-5 ASDU,252
127592116,IEC 60870-5 ASDU,292
127592117,IEC 60870-5 ASDU,252
127634476,TCP,46
127702823,IEC 60870-5 ASDU,292
127702824,IEC 60870-5 ASDU,252
127792061,IEC 60870-5 ASDU,292
127792061,IEC 60870-5 ASDU,252
127891884,IEC 60870-5 ASDU,292
127891885,IEC 60870-5 ASDU,252
127991739,IEC 60870-5 ASDU,292
127991741,IEC 60870-5 ASDU,252
128034281,TCP,46
128102283,IEC 60870-5 ASDU,292
128102283,IEC 60870-5 ASDU,252
128191752,IEC 60870-5 ASDU,292
128191753,IEC 60870-5 ASDU,252
128291525,IEC 60870-5 ASDU,292
128291525,IEC 60870-5 ASDU,252
128392034,IEC 60870-5 ASDU,292
128392035,IEC 60870-5 ASDU,252
128434312,TCP,46
128502195,IEC 60870-5 ASDU,292
128502195,IEC 60870-5 ASDU,252
128592008,IEC 60870-5 ASDU,292
128592008,IEC 60870-5 ASDU,252
128692010,IEC 60870-5 ASDU,292
128692011,IEC 60870-5 ASDU,252
128792191,IEC 60870-5 ASDU,292
128792192,IEC 60870-5 ASDU,252
128834414,TCP,46
128891725,IEC 60870-5 ASDU,292
128891725,IEC 60870-5 ASDU,252
128991639,IEC 60870-5 ASDU,292
128991640,IEC 60870-5 ASDU,252
129092034,IEC 60870-5 ASDU,292
129092035,IEC 60870-5 ASDU,252
129191979,IEC 60870-5 ASDU,292
129191980,IEC 60870-5 ASDU,252
129234275,TCP,46
129291938,IEC 60870-5 ASDU,292
129291939,IEC 60870-5 ASDU,252
129391635,IEC 60870-5 ASDU,292
129391635,IEC 60870-5 ASDU,252
129491563,IEC 60870-5 ASDU,292
129491564,IEC 60870-5 ASDU,252
129591903,IEC 60870-5 ASDU,292
129591904,IEC 60870-5 ASDU,252
129634187,TCP,46
129691918,IEC 60870-5 ASDU,292
129691919,IEC 60870-5 ASDU,252
129791778,IEC 60870-5 ASDU,292
129791778,IEC 60870-5 ASDU,252
129891917,IEC 60870-5 ASDU,292
129891918,IEC 60870-5 ASDU,252
129991521,IEC 60870-5 ASDU,292
129991521,IEC 60870-5 ASDU,252
130034070,TCP,46
130091968,IEC 60870-5 ASDU,292
130091969,IEC 60870-5 ASDU,252
130191606,IEC 60870-5 ASDU,292
130191606,IEC 60870-5 ASDU,252
130291525,IEC 60870-5 ASDU,292
130291525,IEC 60870-5 ASDU,252
130391475,IEC 60870-5 ASDU,292
130391475,IEC 60870-5 ASDU,252
130434150,TCP,46
130491902,IEC 60870-5 ASDU,292
130491902,IEC 60870-5 ASDU,252
130591776,IEC 60870-5 ASDU,292
130591777,IEC 60870-5 ASDU,252
129291837,IEC 60870-5 ASDU,292
129291837,IEC 60870-5 ASDU,252
130791822,IEC 60870-5 ASDU,292
130791823,IEC 60870-5 ASDU,252
130833845,TCP,46
130892067,IEC 60870-5 ASDU,292
130892068,IEC 60870-5 ASDU,252
130991746,IEC 60870-5 ASDU,292
130991747,IEC 60870-5 ASDU,252
131091795,IEC 60870-5 ASDU,292
131091796,IEC 60870-5 ASDU,252
131191770,IEC 60870-5 ASDU,292
131191770,IEC 60870-5 ASDU,252
131234112,TCP,46
131291754,IEC 60870-5 ASDU,292
131291755,IEC 60870-5 ASDU,252
131391920,IEC 60870-5 ASDU,292
131391921,IEC 60870-5 ASDU,252
131491851,IEC 60870-5 ASDU,292
131491851,IEC 60870-5 ASDU,252
131592043,IEC 60870-5 ASDU,292
131592044,IEC 60870-5 ASDU,252
131633449,TCP,46
131691714,IEC 60870-5 ASDU,292
131691715,IEC 60870-5 ASDU,252
131791812,IEC 60870-5 ASDU,292
131791812,IEC 60870-5 ASDU,252
131891764,IEC 60870-5 ASDU,292
131891765,IEC 60870-5 ASDU,252
131991766,IEC 60870-5 ASDU,292
131991767,IEC 60870-5 ASDU,252
132033630,TCP,46
132091690,IEC 60870-5 ASDU,292
132091690,IEC 60870-5 ASDU,252
132191495,IEC 60870-5 ASDU,292
132191495,IEC 60870-5 ASDU,252
132291796,IEC 60870-5 ASDU,292
132291798,IEC 60870-5 ASDU,252
132391688,IEC 60870-5 ASDU,292
132391688,IEC 60870-5 ASDU,252
132433985,TCP,46
132491613,IEC 60870-5 ASDU,292
132491614,IEC 60870-5 ASDU,252
132591566,IEC 60870-5 ASDU,292
132591567,IEC 60870-5 ASDU,252
132691248,IEC 60870-5 ASDU,292
132691248,IEC 60870-5 ASDU,252
132791647,IEC 60870-5 ASDU,292
132791648,IEC 60870-5 ASDU,252
132833684,TCP,46
132891286,IEC 60870-5 ASDU,292
132891287,IEC 60870-5 ASDU,252
132991883,IEC 60870-5 ASDU,292
132991884,IEC 60870-5 ASDU,252
133091579,IEC 60870-5 ASDU,292
133091580,IEC 60870-5 ASDU,252
133191762,IEC 60870-5 ASDU,292
133191763,IEC 60870-5 ASDU,252
133233633,TCP,46
133291693,IEC 60870-5 ASDU,292
133291693,IEC 60870-5 ASDU,252
133391544,IEC 60870-5 ASDU,292
133391545,IEC 60870-5 ASDU,252
133491605,IEC 60870-5 ASDU,292
133491605,IEC 60870-5 ASDU,252
133591226,IEC 60870-5 ASDU,292
133591227,IEC 60870-5 ASDU,252
133633652,TCP,46
133691076,IEC 60870-5 ASDU,292
133691076,IEC 60870-5 ASDU,252
133791547,IEC 60870-5 ASDU,292
133791548,IEC 60870-5 ASDU,252
133891409,IEC 60870-5 ASDU,292
133891410,IEC 60870-5 ASDU,252
133991468,IEC 60870-5 ASDU,292
133991468,IEC 60870-5 ASDU,252
134033180,TCP,46
134091417,IEC 60870-5 ASDU,292
134091417,IEC 60870-5 ASDU,252
134191236,IEC 60870-5 ASDU,292
134191236,IEC 60870-5 ASDU,252
134291038,IEC 60870-5 ASDU,292
134291038,IEC 60870-5 ASDU,252
134401325,IEC 60870-5 ASDU,292
134401325,IEC 60870-5 ASDU,252
134433619,TCP,46
134491221,IEC 60870-5 ASDU,292
134491221,IEC 60870-5 ASDU,252
134591018,IEC 60870-5 ASDU,292
134591019,IEC 60870-5 ASDU,252
134691155,IEC 60870-5 ASDU,292
134691156,IEC 60870-5 ASDU,252
134791317,IEC 60870-5 ASDU,292
134791318,IEC 60870-5 ASDU,252
134833673,TCP,46
134891267,IEC 60870-5 ASDU,292
134891267,IEC 60870-5 ASDU,252
134991433,IEC 60870-5 ASDU,292
134991434,IEC 60870-5 ASDU,252
135091456,IEC 60870-5 ASDU,292
135091457,IEC 60870-5 ASDU,252
135191062,IEC 60870-5 ASDU,292
135191063,IEC 60870-5 ASDU,252
135233118,TCP,46
135291107,IEC 60870-5 ASDU,292
135291107,IEC 60870-5 ASDU,252
135391073,IEC 60870-5 ASDU,292
135391073,IEC 60870-5 ASDU,252
135491001,IEC 60870-5 ASDU,292
135491002,IEC 60870-5 ASDU,252
135590916,IEC 60870-5 ASDU,292
135591070,IEC 60870-5 ASDU,252
135633575,TCP,46
135691017,IEC 60870-5 ASDU,292
135691017,IEC 60870-5 ASDU,252
135790952,IEC 60870-5 ASDU,292
135790953,IEC 60870-5 ASDU,252
135891020,IEC 60870-5 ASDU,292
135891020,IEC 60870-5 ASDU,252
135990826,IEC 60870-5 ASDU,292
135990827,IEC 60870-5 ASDU,252
136042618,TCP,46
136090940,IEC 60870-5 ASDU,292
136090940,IEC 60870-5 ASDU,252
136190662,IEC 60870-5 ASDU,292
136190791,IEC 60870-5 ASDU,252
136290887,IEC 60870-5 ASDU,292
136290888,IEC 60870-5 ASDU,252
136390753,IEC 60870-5 ASDU,292
136390753,IEC 60870-5 ASDU,252
136490726,IEC 60870-5 ASDU,292
136490727,IEC 60870-5 ASDU,252
136591237,IEC 60870-5 ASDU,292
136591237,IEC 60870-5 ASDU,252
136690838,IEC 60870-5 ASDU,292
136690838,IEC 60870-5 ASDU,252
136791007,IEC 60870-5 ASDU,292
136791007,IEC 60870-5 ASDU,252
136883002,TCP,46
136890767,IEC 60870-5 ASDU,292
136890768,IEC 60870-5 ASDU,252
136991054,IEC 60870-5 ASDU,292
136991054,IEC 60870-5 ASDU,252
137090908,IEC 60870-5 ASDU,292
137090909,IEC 60870-5 ASDU,252
137190974,IEC 60870-5 ASDU,292
137190975,IEC 60870-5 ASDU,252
137252842,TCP,46
137301021,IEC 60870-5 ASDU,292
137301021,IEC 60870-5 ASDU,252
137390787,IEC 60870-5 ASDU,292
137390787,IEC 60870-5 ASDU,252
137490797,IEC 60870-5 ASDU,292
137490798,IEC 60870-5 ASDU,252
137590928,IEC 60870-5 ASDU,292
137590928,IEC 60870-5 ASDU,252
137683138,TCP,46
137691200,IEC 60870-5 ASDU,292
137691200,IEC 60870-5 ASDU,252
137790669,IEC 60870-5 ASDU,292
137790793,IEC 60870-5 ASDU,252
137890871,IEC 60870-5 ASDU,292
137890872,IEC 60870-5 ASDU,252
137990836,IEC 60870-5 ASDU,292
137990836,IEC 60870-5 ASDU,252
138032958,TCP,46
138090842,IEC 60870-5 ASDU,292
138090842,IEC 60870-5 ASDU,252
138190768,IEC 60870-5 ASDU,292
138190768,IEC 60870-5 ASDU,252
138290736,IEC 60870-5 ASDU,292
138290737,IEC 60870-5 ASDU,252
138390831,IEC 60870-5 ASDU,292
138390832,IEC 60870-5 ASDU,252
138433034,TCP,46
138491120,IEC 60870-5 ASDU,292
138491121,IEC 60870-5 ASDU,252
138506817,TCP,46
138514678,IEC 60870-5-104,46
138591067,IEC 60870-5 ASDU,292
138591068,IEC 60870-5 ASDU,252
138691072,IEC 60870-5 ASDU,292
138691073,IEC 60870-5 ASDU,252
138790567,IEC 60870-5 ASDU,292
138790567,IEC 60870-5 ASDU,252
138882724,TCP,46
138891055,IEC 60870-5 ASDU,292
138891056,IEC 60870-5 ASDU,252
138990754,IEC 60870-5 ASDU,292
138990757,IEC 60870-5 ASDU,252
139090720,IEC 60870-5 ASDU,292
139090721,IEC 60870-5 ASDU,252
139190705,IEC 60870-5 ASDU,292
139190705,IEC 60870-5 ASDU,252
139246654,TCP,46
139290902,IEC 60870-5 ASDU,292
139290904,IEC 60870-5 ASDU,252
139391167,IEC 60870-5 ASDU,292
139391167,IEC 60870-5 ASDU,252
139491163,IEC 60870-5 ASDU,292
139491164,IEC 60870-5 ASDU,252
139591202,IEC 60870-5 ASDU,292
139591203,IEC 60870-5 ASDU,252
139643196,TCP,46
139691117,IEC 60870-5 ASDU,292
139691117,IEC 60870-5 ASDU,252
139801707,IEC 60870-5 ASDU,292
139801708,IEC 60870-5 ASDU,252
139890878,IEC 60870-5 ASDU,292
139890878,IEC 60870-5 ASDU,252
139990932,IEC 60870-5 ASDU,292
139990932,IEC 60870-5 ASDU,252
140090996,IEC 60870-5 ASDU,292
140090996,IEC 60870-5 ASDU,252
140181134,IEC 60870-5 ASDU,292
140181134,IEC 60870-5 ASDU,252
140290477,IEC 60870-5 ASDU,292
140290478,IEC 60870-5 ASDU,252
140390887,IEC 60870-5 ASDU,292
140390888,IEC 60870-5 ASDU,252
140490428,IEC 60870-5 ASDU,292
140490428,IEC 60870-5 ASDU,252
140580791,IEC 60870-5 ASDU,292
140580792,IEC 60870-5 ASDU,252
140690376,IEC 60870-5 ASDU,292
140690376,IEC 60870-5 ASDU,252
140790747,IEC 60870-5 ASDU,292
140790747,IEC 60870-5 ASDU,252
140883162,TCP,46
140890796,IEC 60870-5 ASDU,292
140890796,IEC 60870-5 ASDU,252
140990731,IEC 60870-5 ASDU,292
140990732,IEC 60870-5 ASDU,252
141090699,IEC 60870-5 ASDU,292
141090700,IEC 60870-5 ASDU,252
141190846,IEC 60870-5 ASDU,292
141190848,IEC 60870-5 ASDU,252
